gender,SeniorCitizen,Partner,Dependents,tenure,PhoneService,MultipleLines,InternetService,OnlineSecurity,OnlineBackup,DeviceProtection,TechSupport,StreamingTV,StreamingMovies,Contract,PaperlessBilling,PaymentMethod,MonthlyCharges,TotalCharges,Churn,Predicted_Churn
0,0,1,0,1,0,1,0,0,2,0,0,0,0,0,1,2,29.85,2505,0,1
0,0,0,0,2,1,0,1,0,0,0,0,0,0,0,1,2,70.7,925,1,1
0,0,0,0,8,1,2,1,0,0,2,0,2,2,0,1,2,99.65,6104,1,1
0,0,1,0,28,1,2,1,0,0,2,2,2,2,0,1,2,104.8,2646,1,1
0,0,0,0,21,1,0,1,0,2,2,0,0,2,0,1,2,90.05,1433,0,1
1,1,0,0,1,0,1,0,0,0,2,0,0,2,0,1,2,39.65,3340,1,1
1,1,1,0,2,1,0,1,0,0,2,0,2,2,0,1,1,95.5,1360,0,1
1,0,0,0,5,1,0,1,0,0,0,0,0,0,0,1,2,69.7,2742,1,1
1,0,0,0,34,1,2,1,0,2,2,0,2,2,0,1,2,106.35,3074,1,1
0,0,0,0,11,1,2,1,0,0,2,0,2,2,0,1,0,97.85,202,1,1
0,0,0,0,2,1,0,1,0,0,0,0,2,0,0,1,2,80.65,809,1,1
0,0,0,0,15,1,0,1,2,2,0,0,2,2,0,1,1,99.1,789,1,1
0,1,1,0,8,1,2,1,0,2,0,0,0,0,0,1,1,80.65,5113,1,1
1,1,0,0,18,1,2,1,0,0,0,0,2,2,0,1,2,95.45,1274,1,1
0,0,1,0,47,1,2,1,0,0,2,0,2,2,0,1,2,100.5,3985,0,1
0,0,0,0,9,1,2,1,0,0,0,0,2,2,0,0,2,94.4,6234,1,1
1,0,0,0,10,1,0,1,2,0,2,0,0,0,0,1,3,79.85,6290,0,1
0,0,0,1,1,1,0,1,0,0,0,0,2,0,0,1,2,79.35,5966,1,1
0,0,1,0,7,1,0,1,0,0,2,0,0,0,0,1,0,75.15,4199,1,1
1,0,0,0,9,1,2,1,0,2,0,0,2,2,0,1,1,99.3,6364,0,1
1,1,0,0,1,1,0,1,0,0,0,2,0,0,0,0,2,74.7,5723,0,1
0,0,0,0,12,1,2,1,2,0,0,0,0,0,0,1,2,78.95,6384,1,1
0,1,1,0,25,1,0,1,0,2,2,0,2,2,0,1,2,98.5,2175,1,1
0,1,1,0,37,1,2,1,0,0,0,0,0,0,0,1,2,76.5,2475,1,1
0,0,1,1,10,1,2,1,2,0,0,0,2,2,0,1,2,100.25,124,1,1
1,0,0,0,3,1,2,1,0,0,0,0,0,0,0,1,2,74.4,1931,1,1
0,1,0,0,27,1,2,1,0,0,2,0,0,0,0,1,2,78.05,1755,1,1
0,0,0,0,13,1,2,1,0,0,0,0,0,2,0,1,2,85.95,394,0,1
1,0,0,0,1,0,1,0,0,0,0,0,0,2,0,1,2,35.45,3032,1,1
0,1,1,0,1,1,0,1,0,0,0,0,0,0,0,1,3,70.45,5510,1,1
1,0,0,0,7,1,2,1,0,0,0,0,2,2,0,0,3,95.0,5236,1,1
0,0,1,1,14,1,0,1,0,0,0,0,0,2,0,1,0,80.9,290,0,1
0,0,0,0,22,1,2,1,0,0,0,0,2,0,0,1,0,84.15,1378,0,1
0,0,0,0,2,1,0,1,0,0,0,0,0,0,0,1,2,69.7,639,0,1
0,0,0,0,4,1,0,1,0,0,0,0,0,0,0,1,0,70.9,2373,1,1
0,0,1,0,2,1,2,1,0,0,2,2,2,2,0,1,2,104.4,2066,1,1
0,1,0,0,15,1,2,1,0,0,0,0,0,0,0,1,3,74.45,277,1,1
0,0,1,1,15,1,2,1,0,2,2,0,2,2,0,1,0,105.35,1001,0,1
1,0,0,0,8,1,2,1,0,0,0,0,0,2,0,0,0,84.5,5278,1,1
0,0,1,0,1,0,1,0,0,0,0,0,0,0,0,1,2,24.8,2044,1,1
1,0,1,0,6,1,0,1,0,2,2,0,0,2,0,1,2,91.0,4440,1,1
1,0,0,0,1,1,0,1,0,0,0,0,0,2,0,0,2,79.9,5974,1,1
1,1,1,0,23,1,2,1,0,0,0,0,0,2,0,0,2,86.8,1580,0,1
0,0,0,0,8,1,0,1,0,0,0,0,2,0,0,1,0,80.0,5063,0,1
0,0,0,0,4,1,0,1,0,0,0,0,0,0,0,1,2,70.15,2329,1,1
1,0,0,0,1,1,0,1,2,0,0,0,0,2,0,1,3,84.6,6175,1,1
1,0,1,0,18,1,2,1,0,0,0,0,0,0,0,1,2,73.15,561,0,1
0,1,0,0,11,1,0,1,0,2,0,0,2,2,0,1,2,95.0,231,1,1
0,0,1,1,2,1,0,1,0,0,0,0,0,0,0,0,2,70.4,864,1,1
1,1,1,0,1,0,1,0,0,2,0,0,2,0,0,0,2,40.2,3414,1,1
1,1,0,0,3,0,1,0,0,0,2,0,0,2,0,1,2,41.15,583,1,1
1,1,0,0,13,1,2,1,0,2,2,0,2,2,0,1,2,106.9,660,1,1
0,1,0,0,16,1,0,1,0,0,0,2,2,2,0,1,2,94.45,930,1,1
1,1,1,0,20,1,2,1,0,2,0,2,2,2,0,0,2,107.05,1790,0,1
1,0,0,0,1,1,0,1,0,0,0,0,0,0,0,0,3,70.6,5513,1,1
1,0,1,0,5,1,2,1,0,2,0,2,0,0,0,1,2,85.4,3422,1,1
1,0,0,0,14,0,1,0,0,0,2,2,2,2,0,1,2,55.0,5873,0,1
1,0,1,1,18,1,0,1,0,0,2,0,2,2,0,0,3,95.15,1306,1,1
1,0,1,0,1,1,0,1,0,0,0,0,0,0,0,0,2,70.0,5501,1,1
1,1,0,0,8,1,0,1,0,2,0,0,0,0,0,1,2,74.5,4955,1,1
1,1,0,0,24,1,2,1,0,0,0,0,0,0,0,1,2,76.1,1213,1,1
0,1,0,0,6,1,0,1,0,0,0,0,2,2,0,1,2,89.35,4686,0,1
1,1,1,0,35,1,2,1,0,0,2,0,2,2,0,1,2,100.8,2977,0,1
0,0,0,1,1,1,0,1,2,0,0,0,0,0,0,1,3,73.6,5668,1,1
0,1,0,0,4,1,2,1,0,0,0,0,2,2,0,1,2,95.45,3387,1,1
1,0,0,0,4,1,0,1,0,0,2,2,0,2,0,1,2,90.4,3083,0,1
1,1,1,0,32,1,2,1,0,0,0,0,0,0,0,1,2,74.9,1943,1,1
0,1,1,0,5,1,0,1,0,0,0,0,0,0,0,1,2,69.35,2954,0,1
1,0,0,0,5,1,0,1,0,0,0,0,2,0,0,1,2,80.6,3547,1,1
1,1,1,0,24,1,0,1,0,0,2,0,2,2,0,1,2,93.15,1867,1,1
0,1,1,0,11,1,0,1,0,0,0,2,2,0,0,1,2,82.9,6284,0,1
0,1,0,0,2,1,0,1,0,0,0,0,0,0,0,1,2,70.35,708,1,1
0,1,0,0,17,1,2,1,0,0,2,0,0,0,0,1,1,82.65,869,0,1
0,0,0,0,7,1,2,1,0,0,0,0,0,0,0,1,2,73.85,4306,1,1
0,0,0,0,2,1,2,1,0,0,2,0,0,0,0,0,3,80.6,988,1,1
0,1,0,0,1,1,2,1,0,0,0,0,0,0,0,1,2,72.1,5622,0,1
0,0,0,0,2,1,0,1,0,0,0,0,2,2,0,1,2,90.4,1169,1,1
0,0,0,0,23,0,1,0,0,0,0,0,2,2,0,1,2,44.95,6523,0,1
0,1,0,0,7,1,0,1,0,0,0,0,2,2,0,1,2,89.15,4739,0,1
1,0,1,1,4,1,2,1,0,2,2,0,0,0,0,1,0,84.8,3201,1,1
0,0,0,0,10,1,0,1,0,0,0,0,0,2,0,1,0,80.25,6194,1,1
1,0,0,0,5,1,0,1,0,0,2,0,2,2,0,0,0,96.5,4173,1,1
1,0,0,0,2,1,2,1,0,0,0,0,2,0,0,1,2,85.65,1358,1,1
0,0,1,0,25,1,2,1,0,0,2,2,2,2,0,1,0,104.95,2222,1,1
1,0,0,0,1,1,2,1,0,2,0,0,0,2,0,1,1,90.85,6327,1,1
0,0,0,0,27,1,2,1,0,0,0,0,2,2,0,1,0,95.6,2243,0,1
0,1,0,0,2,1,0,0,0,0,0,0,0,0,0,1,2,44.3,6299,0,1
0,1,1,0,42,1,2,1,0,0,0,0,2,2,0,1,2,95.05,3370,0,1
1,1,1,1,32,1,0,1,0,2,0,0,2,2,0,1,3,93.95,2469,0,1
1,1,0,0,3,1,2,1,0,2,0,0,0,0,0,1,2,81.35,1965,1,1
0,0,1,0,29,1,2,1,0,0,0,0,0,0,0,1,2,74.95,1765,0,1
0,1,0,0,1,1,0,1,0,0,2,0,0,0,0,1,0,75.3,5769,1,1
0,0,0,0,7,1,0,1,0,0,0,0,0,0,0,1,0,69.85,4328,0,1
0,0,1,1,10,1,2,1,0,0,0,0,0,2,0,0,2,85.95,6237,0,1
1,0,0,0,18,1,2,1,0,0,0,0,0,0,0,1,0,75.6,720,0,1
0,0,1,1,16,1,2,1,2,0,2,2,2,2,0,1,2,112.95,1456,0,1
0,0,0,0,1,1,0,1,0,0,0,0,0,0,0,0,3,69.55,5447,1,1
1,0,1,1,8,1,0,1,0,0,2,0,2,2,0,1,2,94.75,5819,0,1
0,0,0,0,24,1,2,1,0,2,2,0,2,2,0,1,2,104.15,2139,0,1
1,0,0,0,1,1,2,1,0,0,0,0,0,0,0,1,2,75.1,5768,0,1
1,0,1,1,4,1,2,1,0,0,2,0,2,2,0,0,2,101.15,3297,1,1
1,0,0,0,7,1,2,1,0,2,0,0,2,2,0,1,2,99.8,5337,1,1
1,0,0,0,1,1,0,0,0,0,0,0,0,2,0,1,2,55.0,4558,1,1
1,0,1,0,9,1,0,0,0,0,2,0,2,2,0,1,3,70.05,4670,0,1
0,0,1,1,1,1,0,1,0,2,0,0,0,0,0,1,2,74.7,5723,1,1
1,0,0,0,5,1,0,1,0,0,0,2,2,2,0,1,2,96.1,3856,1,1
0,1,0,0,20,1,0,1,0,0,0,0,0,2,0,1,2,81.45,1156,0,1
0,0,1,1,8,1,0,1,0,2,0,0,2,0,0,1,2,83.55,5384,1,1
0,0,0,0,15,1,2,1,0,2,0,0,2,2,0,1,2,100.15,763,0,1
1,0,0,1,1,1,2,1,0,0,0,0,0,0,0,1,2,74.35,5718,1,1
0,0,1,0,2,1,0,1,2,0,0,0,0,0,0,1,2,74.4,711,1,1
0,0,0,0,12,1,2,1,2,2,2,0,0,2,0,1,0,99.7,436,1,1
0,1,0,0,20,1,2,1,0,2,2,0,0,2,0,1,2,94.1,1315,1,1
1,0,0,1,11,1,2,1,0,0,2,0,0,0,0,1,3,78.0,6217,0,1
1,0,1,0,2,1,0,1,0,0,0,2,2,2,0,1,2,94.2,1155,1,1
0,0,1,1,6,1,2,1,0,0,0,2,0,0,0,1,2,80.5,4252,1,1
0,1,1,0,5,1,2,1,0,0,0,0,0,0,0,1,2,74.35,2897,1,1
0,1,1,0,5,1,0,1,0,0,0,0,0,0,0,0,2,70.05,2621,0,1
1,0,1,0,34,1,2,1,0,0,2,0,2,2,0,1,2,100.05,3017,1,1
1,0,0,0,2,1,0,1,0,0,0,0,2,0,0,1,2,79.95,1251,0,1
0,0,0,0,1,1,2,1,0,0,0,0,0,2,0,1,2,85.0,6206,1,1
1,0,0,0,12,1,2,1,0,0,2,0,2,0,0,1,2,89.55,42,0,1
0,0,0,0,11,1,2,0,0,0,0,0,0,2,0,1,3,58.95,4922,0,1
1,0,0,0,10,1,2,1,0,0,0,0,2,0,0,1,0,86.05,6154,1,1
1,0,0,0,11,1,0,1,0,0,0,0,0,0,0,0,2,70.2,5827,0,1
0,0,0,0,35,1,2,1,0,0,2,0,2,2,0,1,2,100.25,3057,1,1
0,1,1,0,28,1,2,1,0,2,2,2,2,2,0,1,2,110.85,2784,0,1
1,0,0,0,9,1,0,1,0,0,0,0,0,0,0,1,2,70.5,4893,0,1
0,0,0,0,1,1,0,1,2,0,0,0,0,0,0,0,3,75.3,5769,1,1
0,1,0,0,4,1,2,1,0,0,2,0,2,0,0,1,2,89.2,2992,1,1
0,1,0,0,1,1,2,1,0,0,0,0,2,0,0,1,2,85.7,6213,1,1
0,0,0,0,7,1,2,1,0,2,0,0,0,0,0,1,0,78.55,4373,0,1
1,1,1,1,10,0,1,0,0,0,0,0,0,2,0,1,0,34.55,3129,0,1
0,0,1,0,25,1,0,1,0,0,0,2,2,2,0,1,2,95.15,2033,0,1
1,0,1,0,10,1,2,1,0,0,0,0,0,2,0,1,2,85.25,6228,1,1
1,0,0,0,1,1,0,1,0,0,0,0,2,2,0,1,2,89.55,6302,1,1
1,1,1,0,20,1,2,1,0,0,0,0,2,2,0,1,2,94.55,1474,1,1
0,1,0,0,2,1,2,1,0,2,0,0,0,2,0,0,2,89.5,1068,1,1
0,0,0,0,3,1,0,1,0,0,0,0,0,0,0,1,0,69.55,1854,1,1
0,0,0,0,1,1,0,1,0,0,2,0,0,0,0,1,3,74.6,5722,1,1
1,0,0,0,10,1,0,1,0,0,0,2,2,2,0,1,1,95.1,6252,0,1
0,0,0,0,4,0,1,0,0,0,0,0,0,0,0,1,3,24.25,6465,1,1
0,0,0,0,3,1,0,1,0,0,2,0,0,0,0,1,3,74.75,2016,0,1
0,0,0,0,2,1,0,1,0,0,0,0,0,0,0,0,2,69.65,834,1,1
0,0,0,0,1,1,2,1,0,0,0,0,0,0,0,1,3,75.05,5767,1,1
0,0,0,0,2,0,1,0,0,0,0,0,0,2,0,1,2,34.7,5041,1,1
1,0,0,0,3,1,2,1,0,2,2,0,2,2,0,0,3,107.95,2722,0,1
1,0,1,1,1,1,0,1,0,0,0,0,0,2,0,0,2,80.0,6013,1,1
0,0,0,0,1,1,0,1,0,0,0,0,0,0,0,0,3,71.1,5565,0,1
0,0,0,0,3,1,2,1,0,0,0,0,0,0,0,1,1,75.1,2350,1,1
1,0,0,0,29,1,2,1,0,0,0,0,0,2,0,1,2,84.9,2177,0,1
1,0,0,0,32,1,2,1,0,0,0,0,0,2,0,1,0,85.65,2318,0,1
0,0,1,1,4,1,2,1,0,0,0,0,0,2,0,1,2,85.95,3267,1,1
1,1,1,0,33,1,2,1,0,0,0,0,2,2,0,1,2,94.5,2702,1,1
0,0,1,1,5,1,0,1,0,0,0,0,2,0,0,1,2,80.85,3081,0,1
0,0,1,0,27,1,2,1,0,0,2,0,0,2,0,0,0,90.15,2070,0,1
0,0,0,0,2,1,0,1,2,0,2,0,0,0,0,1,2,80.45,664,0,1
1,0,0,0,10,1,2,1,2,0,0,0,2,2,0,0,2,98.55,17,1,1
0,1,0,0,3,1,0,1,0,0,2,0,0,0,0,0,3,75.05,1653,0,1
1,1,0,0,20,1,2,1,0,0,2,0,2,2,0,1,2,98.55,1404,1,1
0,0,0,0,22,1,0,1,0,0,0,0,2,2,0,0,2,89.25,1506,1,1
1,0,1,0,3,1,0,1,0,0,0,0,0,0,0,1,2,70.3,1709,1,1
0,0,0,0,11,0,1,0,0,0,0,0,2,0,0,1,3,35.8,3138,0,1
1,0,0,0,15,1,2,1,0,0,0,0,2,2,0,1,2,93.35,825,1,1
0,0,1,0,5,1,0,1,2,0,2,0,0,2,0,1,3,88.9,3868,1,1
0,0,1,1,3,0,1,0,0,2,0,0,0,2,0,0,3,40.3,6369,0,1
1,0,0,0,2,1,2,1,0,2,0,0,0,0,0,1,2,82.0,1398,1,1
0,0,0,0,6,0,1,0,0,0,0,0,2,2,0,0,1,45.0,2578,0,1
0,0,0,0,10,1,2,1,0,0,0,2,2,2,0,1,2,98.5,112,1,1
1,0,0,0,6,1,0,1,0,2,0,0,2,0,0,1,2,85.35,4131,1,1
1,0,1,0,40,1,2,1,0,2,0,0,2,2,0,1,2,101.3,3505,1,1
1,0,0,0,1,1,0,1,0,0,0,0,0,0,0,1,2,69.55,5447,1,1
0,0,0,0,25,1,2,1,0,0,0,0,2,0,0,1,3,84.6,1714,0,1
0,0,0,0,2,1,0,1,0,0,2,0,0,2,0,1,3,86.2,1309,1,1
1,0,1,0,21,1,2,1,0,2,2,2,2,2,0,1,2,111.2,1952,1,1
1,1,1,0,7,1,2,1,0,0,0,0,2,2,0,1,0,95.6,5178,1,1
0,1,0,0,4,1,0,1,0,0,0,0,2,0,0,1,2,78.85,2524,1,1
1,0,0,0,1,1,0,1,0,0,0,0,2,2,0,1,2,89.9,6304,1,1
0,0,0,0,3,1,0,1,0,2,0,0,2,2,0,1,2,95.1,2667,1,1
1,0,0,0,22,1,2,1,0,0,0,0,2,2,0,1,1,94.65,1734,1,1
1,0,1,0,4,1,0,1,0,0,2,2,0,0,0,1,3,80.6,2772,1,1
0,0,0,0,3,0,1,0,0,0,0,0,2,0,0,1,1,34.8,253,0,1
0,0,0,0,6,1,0,1,0,0,2,0,0,2,0,0,2,83.9,4205,1,1
0,1,0,0,7,1,0,1,0,0,2,0,2,0,0,1,2,84.35,4975,0,1
0,0,0,0,9,1,2,1,0,0,2,0,2,2,0,0,1,98.3,6377,1,1
1,1,0,0,9,1,2,1,0,0,2,0,2,2,0,1,2,100.5,6362,1,1
1,1,0,0,10,1,0,1,0,2,0,0,0,0,0,1,2,72.85,5428,1,1
0,1,0,0,15,1,2,1,0,2,0,0,2,0,0,0,1,89.0,524,0,1
1,1,1,0,1,1,2,1,0,0,0,0,0,0,0,1,2,73.55,5667,1,1
0,0,0,0,26,1,2,1,0,0,2,0,0,0,0,1,2,80.7,1813,0,1
1,0,1,0,16,1,2,1,0,0,0,0,0,0,0,1,2,75.4,350,0,1
0,1,0,0,3,1,2,1,0,2,0,0,0,0,0,1,2,79.4,1681,1,1
0,0,0,0,13,1,0,1,0,2,2,0,0,0,0,1,2,81.15,6451,1,1
0,1,0,0,4,1,2,1,0,0,0,0,0,2,0,1,2,84.6,3116,1,1
0,1,1,0,4,1,2,1,0,0,0,0,2,0,0,1,2,83.25,2671,0,1
0,0,0,0,6,1,2,1,2,0,0,0,0,0,0,1,2,79.05,3690,1,1
1,0,0,0,24,1,0,1,0,0,0,0,0,2,0,1,1,79.85,1628,0,1
0,0,0,0,3,1,2,1,0,0,0,0,0,0,0,0,0,74.4,1768,1,1
0,1,1,1,32,1,2,1,0,0,2,0,2,0,0,1,3,91.35,2499,0,1
1,1,0,0,35,1,2,1,0,0,2,0,2,2,0,1,2,99.05,2939,1,1
0,0,0,0,8,1,0,1,0,2,0,0,0,0,0,0,2,75.6,4467,0,1
1,0,0,0,22,1,2,1,0,0,0,0,2,2,0,1,2,95.1,1778,0,1
1,1,0,0,8,1,0,1,2,0,0,2,2,2,0,0,1,100.3,6148,1,1
0,0,0,0,2,1,2,1,0,0,0,0,2,2,0,1,2,96.0,1255,1,1
0,0,0,0,1,1,0,1,0,0,0,0,2,2,0,0,2,90.55,6324,1,1
1,0,0,0,1,1,0,1,0,0,0,0,0,0,0,1,2,69.9,5454,1,1
0,0,0,0,11,1,2,1,0,0,0,0,0,0,0,0,2,75.25,6291,0,1
1,0,0,0,1,1,2,1,0,0,0,0,0,2,0,1,2,86.6,6242,1,1
0,1,0,0,4,1,2,1,0,0,0,0,2,2,0,1,2,94.3,3617,1,1
0,0,0,0,7,1,0,1,0,0,2,0,2,2,0,1,2,95.35,5268,1,1
1,1,1,0,27,1,2,1,0,0,0,0,0,0,0,1,2,75.5,1472,1,1
1,0,1,1,4,1,0,1,0,0,0,0,0,0,0,1,3,69.55,2457,0,1
0,0,0,0,18,1,2,1,0,0,0,2,0,2,0,1,2,90.1,1075,1,1
0,0,0,0,2,1,0,1,0,0,0,0,0,0,0,0,2,68.95,354,1,1
1,0,0,0,9,1,0,1,0,0,0,2,2,2,0,1,0,95.9,6120,0,1
1,0,0,0,4,0,1,0,0,0,0,2,0,2,0,1,2,40.05,1086,0,1
0,1,0,0,5,1,0,1,0,2,0,0,2,0,0,1,2,84.7,3355,0,1
1,1,0,0,8,1,2,1,0,0,2,0,2,2,0,1,2,100.6,6094,1,1
1,0,1,1,26,1,2,1,0,0,0,0,2,0,0,1,2,83.75,1696,1,1
0,1,1,1,3,1,0,1,2,0,0,2,2,0,0,1,3,88.3,2377,1,1
0,1,0,0,8,1,0,1,0,0,2,0,2,2,0,1,2,92.1,5658,1,1
0,0,0,0,13,0,1,0,0,0,2,0,2,2,0,0,2,49.15,5204,0,1
1,1,0,0,14,1,0,1,0,0,0,0,2,2,0,0,1,90.45,485,1,1
1,1,0,0,12,0,1,0,0,0,2,2,0,2,0,1,2,43.65,4401,1,1
0,0,1,1,16,0,1,0,0,0,0,0,0,2,0,1,1,35.5,4585,0,1
0,0,0,0,5,0,1,0,0,0,2,0,0,2,0,0,2,39.5,1733,1,1
1,0,1,0,40,1,2,1,0,0,0,0,2,2,0,1,0,97.1,3195,1,1
0,0,0,0,5,1,0,1,0,0,0,0,0,2,0,1,2,80.0,3513,1,1
0,0,0,0,10,1,0,1,2,0,0,0,2,0,0,1,3,84.7,6146,1,1
1,0,1,1,2,1,0,1,0,0,0,0,2,2,0,1,0,89.55,1414,1,1
1,0,0,0,23,1,2,1,0,0,0,2,2,0,0,1,2,90.6,1547,1,1
0,0,0,0,2,1,0,1,0,0,0,0,0,0,0,0,0,69.75,811,1,1
1,0,0,0,7,1,2,1,0,0,2,0,2,2,0,1,0,98.05,5590,1,1
0,0,1,1,3,1,0,1,0,0,0,0,0,0,0,1,2,69.55,1626,0,1
1,1,1,0,46,1,2,1,0,0,2,0,2,2,0,1,2,98.85,3887,0,1
1,0,0,0,2,1,0,1,0,0,0,0,0,2,0,1,2,80.95,1208,1,1
0,1,0,0,13,1,0,1,0,0,2,0,0,0,0,1,2,74.3,6425,1,1
0,1,0,0,11,1,0,1,0,0,0,0,2,2,0,0,0,89.7,91,1,1
1,1,1,0,17,1,2,1,0,0,2,0,2,2,0,1,1,100.45,1093,1,1
0,0,0,0,16,1,2,1,0,0,0,0,0,0,0,1,1,74.75,246,0,1
1,0,0,0,1,1,0,1,0,0,0,0,2,0,0,1,2,80.55,6021,0,1
0,0,1,0,9,1,0,1,0,0,0,0,0,2,0,1,2,79.75,5863,0,1
0,0,0,0,4,1,0,1,2,0,2,2,0,2,0,1,0,94.4,3307,1,1
1,0,1,0,32,1,2,1,0,2,0,0,2,2,0,1,1,98.85,2735,0,1
1,1,1,0,39,1,2,1,0,2,2,0,2,2,0,1,2,105.65,3646,1,1
1,0,0,0,7,1,0,1,0,0,2,0,0,0,0,0,3,74.65,4522,1,1
0,1,1,0,11,1,2,1,0,0,2,2,2,2,0,1,0,104.05,261,1,1
1,1,1,1,11,1,2,1,0,0,0,0,0,0,0,1,1,75.2,5890,0,1
1,0,0,0,1,0,1,0,0,0,0,0,0,2,0,1,2,35.55,3033,1,1
0,0,0,0,3,1,2,0,0,0,0,0,2,0,0,1,2,60.25,1197,0,1
0,0,0,0,2,1,2,1,0,0,0,0,2,2,0,1,2,95.15,1567,1,1
1,0,1,1,13,1,0,1,0,0,2,0,2,2,0,1,3,96.65,305,1,1
0,1,1,0,3,1,0,1,0,0,0,0,2,0,0,1,2,80.4,1875,1,1
0,1,1,0,23,1,0,1,2,0,0,0,2,2,0,1,2,95.1,1962,0,1
1,0,0,1,1,0,1,0,0,2,0,0,0,0,0,1,3,31.35,2697,1,1
0,0,0,0,12,1,2,1,0,2,0,0,2,0,0,1,0,89.75,102,1,1
0,1,1,1,32,1,2,1,0,2,0,0,2,2,0,1,2,100.4,2800,0,1
0,0,0,0,6,1,2,1,0,2,2,2,2,2,0,1,1,109.9,5310,1,1
1,0,0,0,15,1,0,1,0,0,2,2,2,2,0,1,2,101.35,993,1,1
0,0,0,0,1,1,2,0,0,0,0,0,0,2,0,1,2,60.15,4912,1,1
1,0,0,0,3,1,0,1,0,0,2,0,0,2,0,0,1,85.7,2217,0,1
1,0,0,0,7,1,2,1,0,0,2,0,2,0,0,1,2,90.45,4864,1,1
1,0,0,0,1,1,2,1,0,0,0,0,0,0,0,1,2,74.9,5724,1,1
0,0,0,0,3,1,0,1,0,0,0,0,0,0,0,1,2,70.15,1542,0,1
0,0,0,0,1,1,0,1,0,0,0,0,2,0,0,1,2,80.25,6017,1,1
1,0,0,0,7,1,0,1,0,0,0,0,0,0,0,1,2,69.55,4365,0,1
1,0,0,0,19,1,2,1,0,0,0,0,0,2,0,1,0,86.0,961,1,1
0,0,1,1,3,1,0,1,0,0,0,0,0,2,0,1,2,80.3,2160,1,1
1,0,0,0,24,1,2,1,0,2,0,0,2,0,0,1,1,90.55,1922,1,1
0,0,0,0,2,1,2,1,0,0,0,0,0,0,0,1,2,75.9,794,1,1
0,0,1,0,16,0,1,0,0,0,0,2,2,2,0,1,2,49.95,6061,1,1
1,0,0,0,3,1,2,1,0,0,0,0,0,0,0,1,2,76.95,1918,1,1
0,1,0,0,16,1,2,1,0,0,0,0,2,2,0,1,2,96.15,952,1,1
1,1,1,0,23,1,0,1,0,0,0,0,2,2,0,1,2,90.45,1745,0,1
0,0,0,0,11,1,2,1,0,0,0,2,2,0,0,0,2,90.15,6506,1,1
0,0,0,0,1,1,0,1,0,2,0,0,0,0,0,0,2,75.8,5777,1,1
0,0,0,0,7,1,0,1,0,0,0,0,0,2,0,1,2,79.3,4382,1,1
0,0,0,0,2,0,1,0,0,0,0,2,0,0,0,1,2,30.9,4841,1,1
0,1,0,0,4,1,2,1,2,0,0,0,0,0,0,1,2,80.25,2635,0,1
1,0,0,0,1,1,0,0,0,0,0,0,2,2,0,1,3,62.8,5042,0,1
1,1,1,0,7,1,0,1,0,0,0,0,2,2,0,1,2,89.5,5353,1,1
0,0,0,0,5,1,2,1,0,0,0,0,0,0,0,0,2,75.6,3439,0,1
1,1,1,0,15,1,2,1,0,0,0,0,0,2,0,1,0,85.6,627,1,1
1,1,0,0,16,1,2,1,0,0,0,0,2,0,0,1,2,86.6,514,1,1
0,0,0,0,18,1,2,1,0,0,0,0,2,0,0,1,2,85.2,992,1,1
0,0,1,0,34,1,2,1,0,0,0,0,2,2,0,1,2,97.65,2787,1,1
0,1,0,0,1,1,0,1,0,0,0,0,0,0,0,1,2,69.25,5443,1,1
0,0,0,0,1,0,1,0,0,0,0,0,0,0,0,1,3,25.15,2150,0,1
0,1,0,0,1,0,1,0,0,0,0,0,0,0,0,1,2,25.2,2151,1,1
0,0,1,1,14,1,2,1,0,0,2,0,0,2,0,1,2,87.25,471,1,1
1,0,1,0,10,1,0,1,0,0,0,0,2,0,0,1,2,79.95,6233,1,1
0,0,0,0,18,1,2,1,0,0,0,2,2,0,0,1,2,88.35,1111,1,1
0,0,0,0,9,1,2,1,0,0,0,0,0,0,0,1,1,75.2,5116,0,1
1,0,0,0,10,1,0,1,0,0,0,0,0,0,0,0,3,70.15,5695,0,1
0,0,0,0,9,1,2,1,0,0,0,0,2,2,0,1,2,94.75,6294,1,1
0,1,0,0,13,1,2,1,0,0,0,0,2,2,0,1,2,95.05,530,1,1
1,0,0,0,4,1,2,1,0,2,0,0,0,0,0,0,2,78.45,2864,1,1
1,0,0,0,4,1,0,1,0,0,0,0,0,0,0,1,2,70.2,2012,1,1
1,0,1,0,10,1,2,1,0,0,0,0,2,0,0,1,2,85.6,6079,1,1
0,1,0,0,1,1,0,1,0,0,0,0,2,0,0,1,2,79.2,5964,1,1
1,0,0,0,23,1,0,1,0,2,0,0,2,2,0,0,3,95.3,1812,0,1
1,0,0,0,2,1,0,1,0,0,0,0,0,0,0,0,3,70.7,527,0,1
0,1,1,0,34,1,2,1,0,2,2,0,0,2,0,1,2,94.25,2799,1,1
0,0,0,0,4,1,0,1,0,0,2,0,0,2,0,1,1,82.85,2773,0,1
0,1,0,0,4,1,0,1,0,2,2,0,2,2,0,1,1,99.8,3759,1,1
1,0,0,0,8,1,0,0,0,0,0,0,2,2,0,1,2,66.25,4534,0,1
0,0,0,0,1,1,2,1,0,0,0,0,0,0,0,0,2,76.0,5820,1,1
0,1,0,0,2,1,2,1,0,0,0,0,2,2,0,1,2,93.85,1198,1,1
1,1,0,0,29,1,0,1,0,2,2,0,2,2,0,1,0,101.45,2546,0,1
0,0,1,0,15,1,0,1,0,0,2,0,2,0,0,1,2,84.3,565,1,1
1,1,0,0,9,1,2,1,0,0,0,0,0,2,0,1,1,84.4,5677,1,1
1,0,1,0,15,1,2,1,0,0,2,0,2,2,0,1,2,101.1,913,1,1
1,0,0,0,1,1,2,0,0,0,0,0,0,0,0,1,2,50.45,4228,1,1
1,0,0,0,12,1,2,1,0,0,0,2,2,2,0,1,3,99.95,260,1,1
0,0,0,0,2,1,2,1,0,0,2,0,2,0,0,1,2,91.4,1530,1,1
0,1,0,0,5,1,0,1,0,0,2,0,0,0,0,1,1,75.55,3024,1,1
1,0,0,0,20,1,2,1,0,0,0,2,2,2,0,1,3,98.55,1665,0,1
1,0,0,0,31,1,0,1,0,2,0,0,2,2,0,1,2,94.5,2573,0,1
0,0,1,0,16,1,2,1,0,2,0,0,2,2,0,1,2,100.0,964,1,1
1,0,0,0,5,1,2,1,0,2,2,0,0,0,0,1,2,85.3,3616,1,1
0,0,0,0,4,1,0,1,0,0,0,0,0,0,0,0,2,70.4,2437,1,1
1,0,1,1,1,1,0,1,0,2,0,0,0,0,0,0,1,74.6,5722,0,1
1,0,1,1,13,1,2,1,0,0,0,0,0,0,0,1,1,74.4,6315,1,1
0,0,0,0,24,1,2,1,0,0,2,0,2,2,0,1,2,98.75,2053,1,1
1,0,0,0,41,1,2,1,0,2,2,0,2,2,0,1,2,104.7,3693,1,1
0,1,0,0,13,1,0,1,0,0,2,0,2,2,0,1,2,96.85,431,0,1
1,1,0,0,22,1,2,1,0,0,0,0,2,2,0,1,2,96.7,1711,1,1
1,1,0,0,19,1,2,1,0,2,0,0,2,0,0,1,2,88.2,1297,1,1
1,1,0,0,15,1,2,1,0,0,0,0,0,0,0,0,2,75.65,279,1,1
1,1,0,0,1,1,2,1,0,0,0,0,0,0,0,1,2,74.7,5723,1,1
0,0,1,1,14,1,2,1,0,0,0,0,2,0,0,1,2,84.8,373,0,1
0,1,0,0,1,0,1,0,0,0,0,0,0,0,0,1,3,25.8,2158,1,1
0,0,1,0,17,1,2,1,0,0,0,0,2,2,0,0,2,92.6,1028,0,1
0,0,0,0,2,0,1,0,2,2,0,0,0,2,0,1,2,42.6,5623,1,1
0,0,0,0,3,1,0,1,0,2,0,0,2,2,0,0,2,95.4,2530,0,1
1,0,0,0,8,1,2,1,0,2,0,0,2,2,0,0,2,100.85,6095,1,1
0,0,1,0,5,1,0,1,0,0,0,0,0,0,0,0,2,69.95,2865,1,1
1,1,1,0,6,1,2,1,0,0,2,0,0,0,0,1,2,80.8,3889,0,1
0,0,0,0,1,1,0,1,0,2,0,2,2,0,0,0,2,91.7,6347,1,1
0,0,0,0,16,1,2,1,0,2,2,0,0,2,0,1,1,95.6,996,1,1
1,0,0,0,1,1,2,1,0,0,0,0,0,0,0,1,2,74.95,5725,1,1
1,1,0,0,4,1,0,1,0,0,0,0,0,0,0,0,2,69.35,2260,0,1
1,1,0,0,10,1,2,1,0,0,0,0,2,2,0,1,2,95.35,6318,1,1
0,0,1,0,10,1,0,0,0,0,2,0,2,2,0,1,1,67.8,5223,0,1
1,1,0,0,11,1,2,1,0,2,2,2,2,2,0,1,2,111.4,341,0,1
1,1,1,0,12,1,0,1,0,0,0,0,0,2,0,1,2,80.45,6448,1,1
1,1,0,0,2,1,0,1,0,2,0,0,0,0,0,1,2,74.7,1128,1,1
0,0,1,0,2,1,0,1,0,0,0,0,0,0,0,1,2,70.35,369,0,1
1,1,0,0,1,1,2,1,0,0,2,0,2,0,0,1,2,88.8,6283,1,1
1,0,0,0,30,1,0,1,0,0,0,0,2,2,0,1,2,90.25,2395,1,1
1,1,1,0,13,1,0,1,0,2,0,2,0,2,0,1,0,89.05,314,1,1
0,1,0,0,23,1,0,1,0,2,0,0,2,2,0,1,2,94.75,1936,1,1
0,0,0,0,35,1,2,1,0,0,0,0,2,0,0,1,2,86.45,2633,1,1
0,0,1,0,9,1,0,1,0,0,2,0,0,0,0,1,0,75.75,5238,1,1
1,0,0,0,11,1,0,1,0,2,0,0,0,0,0,1,3,75.9,6257,0,1
0,1,1,0,30,1,2,1,0,2,0,0,2,0,0,1,2,90.05,2275,0,1
1,1,1,0,38,1,2,1,0,2,2,0,2,2,0,1,2,102.6,3421,0,1
0,1,1,0,17,1,2,1,2,0,2,0,0,0,0,1,0,85.35,857,1,1
0,1,0,0,42,1,2,1,0,0,0,0,2,0,0,1,2,84.65,3068,1,1
1,0,1,1,11,1,0,1,0,0,0,0,2,0,0,1,0,79.5,6264,1,1
0,0,0,0,1,1,2,1,0,0,0,0,0,2,0,0,3,85.8,6214,1,1
1,1,0,0,1,1,0,1,0,0,0,0,2,0,0,1,2,79.1,5962,1,1
1,0,0,0,5,1,0,1,0,0,0,0,0,0,0,1,2,69.75,2820,1,1
0,0,0,0,9,1,2,1,0,0,0,0,0,0,0,1,2,76.85,5281,0,1
0,0,0,0,8,1,2,1,0,0,0,0,0,0,0,1,1,74.6,4547,0,1
0,0,0,0,4,1,2,1,2,0,0,0,0,0,0,1,2,80.15,2774,0,1
0,0,0,0,1,0,1,0,0,0,0,0,2,0,0,1,2,34.7,2942,1,1
1,0,0,0,3,1,2,1,0,0,0,0,0,2,0,1,2,85.3,2287,1,1
0,0,1,0,21,1,2,1,2,0,2,0,2,2,0,1,0,104.4,1831,1,1
1,0,0,1,1,1,2,1,0,0,2,0,2,2,0,1,2,99.75,6511,1,1
0,1,0,0,3,1,0,1,0,0,2,0,0,0,0,0,2,73.85,1565,0,1
0,0,0,0,5,1,2,1,0,0,2,2,0,0,0,1,2,82.75,3566,0,1
1,0,0,0,3,1,0,1,0,2,2,2,2,2,0,1,2,107.95,2762,0,1
0,1,0,0,2,1,0,1,0,2,0,0,2,0,0,1,0,83.8,1104,0,1
0,0,0,0,9,1,0,1,2,0,0,0,0,0,0,1,1,74.25,5152,1,1
0,0,1,0,3,1,2,1,0,0,0,0,2,2,0,0,2,94.9,2374,0,1
0,1,0,0,17,1,2,1,0,0,0,0,2,2,0,1,2,94.2,1065,0,1
1,0,0,0,1,1,2,0,0,0,0,0,2,0,0,1,2,59.85,4846,1,1
0,1,0,0,1,1,0,1,0,0,0,0,0,0,0,1,2,69.6,5448,1,1
1,0,0,0,9,0,1,0,0,0,0,0,2,2,0,1,2,45.4,3575,1,1
1,0,0,0,1,1,0,1,0,0,0,0,0,0,0,1,2,69.9,5454,1,1
0,0,0,0,2,1,0,1,0,2,0,0,2,0,0,1,0,87.15,1382,1,1
0,0,1,1,3,1,2,1,0,0,0,0,0,2,0,1,0,84.75,2288,1,1
1,0,0,0,14,1,2,1,0,0,0,2,2,0,0,1,2,89.95,332,1,1
1,1,0,0,13,1,0,1,0,0,0,0,2,2,0,1,2,90.5,371,1,1
1,0,0,0,2,1,0,1,0,0,0,0,2,0,0,0,2,79.0,795,1,1
0,0,0,0,2,1,0,1,2,2,0,0,2,0,0,1,2,91.15,1170,0,1
1,0,0,1,1,1,0,1,0,0,0,0,0,0,0,1,2,71.65,5571,1,1
0,0,0,0,12,1,0,1,0,0,0,0,0,2,0,0,0,78.1,6434,1,1
0,0,1,0,19,1,2,1,0,0,2,0,0,2,0,0,3,89.65,1287,1,1
0,0,0,0,10,1,2,1,2,0,0,0,2,2,0,1,2,98.7,6490,1,1
0,0,0,0,1,1,0,1,0,0,2,0,0,0,0,0,2,76.35,5822,1,1
1,1,1,0,32,1,2,1,0,0,0,0,0,2,0,1,2,85.0,2290,1,1
0,1,0,0,23,1,2,1,0,0,2,0,0,0,0,1,3,79.35,1388,0,1
1,0,0,0,1,1,0,0,0,0,2,2,2,2,0,1,2,75.5,5772,0,1
1,1,1,0,32,1,2,1,0,0,0,0,0,2,0,0,2,85.3,2317,1,1
1,0,0,0,8,1,2,1,0,0,0,0,0,0,0,1,2,74.85,4721,0,1
1,0,0,0,24,1,0,1,0,0,0,2,2,2,0,1,2,96.0,1750,1,1
0,0,1,0,2,0,1,0,0,0,0,0,0,2,0,1,2,35.1,5381,1,1
1,1,0,0,1,0,1,0,0,2,2,0,0,2,0,1,2,43.3,3658,1,1
0,0,0,0,3,1,0,1,0,2,0,0,2,0,0,0,2,83.75,2120,1,1
1,0,0,0,1,1,0,1,0,0,0,0,0,0,0,1,2,70.05,5502,1,1
1,0,0,0,2,1,2,1,0,0,0,0,0,2,0,1,2,86.0,1129,1,1
1,1,0,0,4,0,1,0,0,2,0,0,2,2,0,1,1,50.95,1693,0,1
0,1,0,0,5,1,0,1,0,0,0,0,0,2,0,0,2,78.95,3246,1,1
1,0,0,0,17,1,0,1,0,2,2,0,0,2,0,1,1,90.95,1074,0,1
1,0,0,0,3,1,0,1,0,0,0,0,2,2,0,1,2,92.0,2313,0,1
0,1,1,1,22,1,2,1,0,0,0,0,2,0,0,0,0,85.35,1569,0,1
1,0,1,1,1,1,0,1,0,0,0,0,0,2,0,1,2,81.05,6056,0,1
0,0,0,0,2,1,0,1,0,0,0,0,0,2,0,0,2,80.75,1046,1,1
0,0,1,1,20,1,2,1,0,0,2,2,0,2,0,1,0,95.5,1519,0,1
1,0,0,1,1,1,0,1,0,2,0,0,0,0,0,1,2,75.35,5770,1,1
1,0,0,0,1,1,2,1,0,0,0,0,0,0,0,1,2,75.45,5771,1,1
1,0,0,0,8,1,0,1,0,0,0,0,0,0,0,0,0,70.7,4592,0,1
0,0,1,0,7,1,0,1,0,0,0,0,2,0,0,1,2,81.1,4753,1,1
0,0,1,1,23,1,2,1,0,0,0,0,0,2,0,0,2,85.6,1440,0,1
1,0,1,0,11,1,2,1,0,0,0,0,0,0,0,1,2,74.95,6114,1,1
1,1,0,0,1,1,2,1,0,0,0,0,2,2,0,1,2,93.55,6393,1,1
1,1,0,0,31,1,2,1,0,2,0,0,2,0,0,1,2,90.7,2459,0,1
1,0,0,0,10,1,2,1,0,2,2,0,0,2,0,1,2,95.25,41,0,1
0,0,1,1,14,1,2,1,0,2,0,0,0,2,0,1,0,90.9,472,1,1
0,1,0,0,16,1,2,1,0,0,0,0,2,0,0,1,2,84.75,641,1,1
0,0,0,0,17,1,0,1,0,2,0,0,2,0,0,1,2,83.55,598,0,1
0,1,0,0,1,1,0,1,0,0,0,0,0,0,0,1,2,69.95,5455,1,1
0,0,1,0,2,0,1,0,0,0,0,0,2,2,0,0,2,44.6,6482,1,1
1,0,0,0,23,1,2,1,0,0,0,0,0,0,0,1,2,74.95,1211,1,1
0,1,0,0,9,1,0,1,0,0,2,0,0,0,0,0,1,75.5,5136,0,1
1,0,0,0,24,1,2,1,0,0,2,0,2,0,0,1,3,89.85,1779,1,1
1,0,0,0,2,1,0,1,0,0,0,0,0,2,0,1,2,80.2,1357,1,1
0,0,0,1,4,1,2,1,0,0,2,2,0,0,0,1,3,87.1,2953,1,1
1,0,0,0,5,1,2,1,0,0,0,0,0,0,0,1,0,75.9,3094,1,1
0,0,0,0,10,1,2,1,0,0,0,0,0,2,0,0,2,86.45,6137,1,1
0,0,0,0,16,1,0,1,0,2,0,0,0,2,0,1,2,86.25,622,0,1
0,1,1,0,5,1,2,1,0,2,0,0,0,0,0,1,2,81.0,3200,1,1
0,0,1,0,15,1,0,1,0,0,0,0,2,2,0,0,2,88.15,713,1,1
1,1,1,0,1,1,2,1,0,0,0,0,0,0,0,0,2,74.3,5717,0,1
0,1,0,0,1,1,0,1,0,0,0,0,0,0,0,1,3,70.6,5513,0,1
0,0,1,1,26,1,0,1,0,0,0,0,2,2,0,1,2,90.8,1998,1,1
1,1,0,0,21,1,0,1,0,0,2,0,2,2,0,1,0,96.8,1663,1,1
0,0,0,0,1,1,0,1,2,0,0,0,2,2,0,1,2,95.6,6445,1,1
0,0,0,0,1,1,0,1,0,0,0,0,0,0,0,0,2,71.35,5569,1,1
1,0,0,1,1,1,0,1,0,0,0,0,0,0,0,0,0,69.75,5451,1,1
0,1,1,0,32,1,2,1,0,0,0,0,2,2,0,1,2,93.2,2534,1,1
1,0,0,0,1,1,0,1,0,0,0,0,2,0,0,1,2,79.95,5975,1,1
1,0,0,0,9,1,0,1,0,0,2,0,2,2,0,1,2,94.05,6069,0,1
1,0,0,0,2,1,2,1,2,0,0,0,0,2,0,0,3,90.75,1254,0,1
1,1,1,0,11,1,0,1,0,0,0,0,0,0,0,1,2,70.2,6157,0,1
0,0,1,0,8,1,2,1,0,0,0,0,0,2,0,1,1,85.2,5074,1,1
0,0,0,0,3,1,2,1,0,0,0,0,0,0,0,0,2,75.25,2063,1,1
1,0,1,0,33,1,2,1,0,2,2,0,0,2,0,1,2,93.35,2689,0,1
0,0,1,1,22,1,0,1,0,0,0,0,0,2,0,1,2,80.15,1331,0,1
1,0,1,0,5,0,1,0,0,0,0,0,0,0,0,1,2,24.95,4,1,1
1,0,0,0,1,1,2,1,0,0,0,0,0,0,0,1,2,75.3,5769,1,1
0,1,0,0,1,1,0,1,0,0,0,0,0,0,0,1,2,70.55,5512,1,1
1,0,0,1,15,1,2,1,0,2,0,0,2,0,0,1,2,91.0,797,0,1
0,0,0,0,7,1,0,0,0,0,0,0,2,2,0,1,2,66.85,3895,0,1
1,0,0,0,11,1,0,1,0,0,2,0,0,0,0,0,2,72.9,6091,0,1
1,0,0,0,21,1,2,1,0,0,0,0,0,2,0,1,2,84.1,1246,0,1
0,0,0,0,1,1,2,0,0,0,0,0,0,0,0,1,2,50.1,4225,0,1
0,0,1,0,30,1,2,1,0,0,0,0,0,2,0,1,2,85.0,2271,1,1
0,0,0,0,2,1,0,1,0,0,0,0,0,2,0,0,2,80.55,1395,1,1
0,0,0,0,2,1,0,1,0,0,2,0,0,0,0,1,2,75.8,1056,1,1
1,1,1,0,29,1,2,1,0,0,2,0,2,2,0,1,2,98.5,2601,1,1
1,1,1,0,13,1,2,1,0,0,0,0,2,2,0,1,2,95.25,428,1,1
1,1,1,0,7,1,2,1,0,0,0,0,0,0,0,1,3,74.4,4411,1,1
1,0,0,0,4,1,0,1,0,0,2,0,0,2,0,0,2,86.05,2672,0,1
0,1,0,0,2,1,2,1,0,0,2,0,0,2,0,1,2,88.55,1325,1,1
0,1,0,0,1,1,0,1,0,0,0,0,2,2,0,1,2,91.3,6344,1,1
1,0,0,0,1,1,0,1,0,0,0,0,2,0,0,1,2,79.5,5968,1,1
1,1,1,0,7,1,0,1,0,0,0,0,0,0,0,1,3,70.1,3951,1,1
0,0,1,0,7,1,0,1,0,0,2,0,2,0,0,1,2,86.25,4821,1,1
0,1,1,0,1,1,2,1,0,0,2,0,2,2,0,1,2,100.8,5,1,1
0,0,0,0,14,1,0,1,0,2,0,0,0,2,0,1,2,86.3,338,1,1
1,1,0,0,20,1,0,1,0,0,0,0,2,2,0,0,2,89.95,1124,0,1
1,0,1,1,38,1,2,1,0,0,2,0,2,2,0,1,1,101.15,3381,0,1
0,0,0,0,28,1,2,1,0,2,0,0,0,2,0,1,2,89.95,2273,1,1
1,1,1,0,17,1,0,1,0,2,0,0,0,0,0,1,2,76.45,427,1,1
1,0,1,0,4,1,0,1,0,0,0,0,0,0,0,0,2,70.5,2541,0,1
1,0,0,0,10,1,0,1,0,0,0,0,0,0,0,1,2,70.0,5726,1,1
1,1,0,0,5,1,0,1,0,0,0,0,0,0,0,1,3,71.45,3199,0,1
0,0,0,0,1,1,0,1,0,0,0,2,2,2,0,1,2,95.85,6447,0,1
0,0,1,1,1,1,2,1,2,0,2,0,2,2,0,1,2,102.45,36,1,1
1,0,0,0,11,1,0,0,0,0,2,0,2,2,0,1,2,69.35,5586,0,1
0,0,0,0,2,1,0,1,0,0,0,0,2,0,0,1,2,80.2,845,1,1
1,0,0,0,12,1,2,1,0,2,2,2,2,2,0,1,3,112.95,694,1,1
0,0,0,0,1,1,0,1,0,0,0,0,0,0,0,0,3,70.9,5519,1,1
0,1,0,0,3,1,0,1,0,0,2,0,2,0,0,1,2,86.85,1830,1,1
0,1,0,0,40,1,0,1,0,0,0,0,2,2,0,1,2,91.55,3168,0,1
1,0,1,1,1,1,2,1,0,0,0,0,0,0,0,1,2,74.5,5721,1,1
0,1,0,0,8,1,2,1,0,0,0,2,2,2,0,1,1,100.15,6340,0,1
1,0,0,0,1,1,0,1,0,0,0,0,0,0,0,1,3,71.55,5570,1,1
0,0,0,0,5,1,0,1,0,2,0,0,2,0,0,1,3,85.3,3592,0,1
0,0,1,0,13,0,1,0,0,0,2,0,2,2,0,1,0,48.75,5114,1,1
0,0,0,0,4,1,2,1,0,0,0,0,2,0,0,1,2,85.65,2791,1,1
1,0,0,0,12,1,2,1,0,2,2,0,2,2,0,1,2,106.7,465,1,1
1,0,0,0,1,0,1,0,0,0,0,0,0,0,0,1,2,25.15,2150,1,1
0,0,1,0,8,1,2,1,0,0,0,2,0,2,0,1,2,90.25,5743,0,1
0,0,0,0,3,1,0,1,0,0,0,0,0,0,0,1,2,69.85,1596,0,1
1,0,1,1,11,1,0,1,0,0,0,0,2,2,0,0,2,90.6,39,0,1
0,0,0,0,29,1,2,1,0,0,2,0,2,2,0,1,1,98.6,2535,1,1
0,1,1,0,15,1,2,1,0,0,2,2,0,0,0,1,2,83.05,469,1,1
0,1,1,0,26,1,0,1,0,0,2,0,2,0,0,1,1,85.7,1691,0,1
0,1,1,0,35,1,2,1,0,0,2,0,2,2,0,0,0,102.05,2988,0,1
1,1,1,0,16,1,2,1,0,0,0,0,2,0,0,1,1,85.05,715,0,1
0,1,0,0,21,1,2,1,0,0,0,0,2,2,0,1,2,94.25,1578,1,1
0,0,0,0,5,1,2,1,0,0,0,0,2,0,0,1,2,84.0,3619,0,1
1,0,0,0,3,1,0,1,0,0,0,0,0,2,0,1,2,80.35,2183,0,1
1,0,1,0,14,1,2,1,0,2,2,0,0,0,0,1,2,82.65,345,0,1
0,1,0,0,1,1,0,1,0,0,0,0,0,0,0,1,2,70.15,5504,1,1
0,0,0,0,1,1,0,1,0,0,2,0,2,0,0,1,1,85.55,6212,1,1
1,1,1,0,32,1,2,1,0,2,2,0,2,2,0,0,0,106.35,3052,1,1
1,0,0,0,5,1,2,1,0,2,2,0,2,2,0,0,2,105.3,4570,0,1
0,0,0,0,1,1,0,0,0,0,0,0,0,2,0,1,2,55.45,4564,0,1
1,0,0,0,8,1,2,0,0,0,0,0,2,0,0,1,2,59.25,3703,0,1
1,0,0,0,20,1,2,1,0,0,2,0,2,0,0,1,1,90.7,1312,0,1
1,0,0,0,1,1,0,1,0,0,0,0,2,2,0,1,2,88.35,6282,1,1
0,0,1,1,2,0,1,0,0,2,0,0,0,0,0,1,3,30.25,5092,0,1
0,0,1,0,12,0,1,0,0,0,2,0,2,2,0,1,0,49.85,5028,0,1
0,0,1,1,8,1,0,1,0,0,2,0,2,2,0,1,2,94.2,5898,1,1
0,0,0,0,5,1,0,1,0,2,0,0,2,2,0,1,2,96.25,4310,1,1
0,0,1,0,2,1,0,1,0,0,0,0,0,0,0,1,2,70.7,746,1,1
0,1,1,1,40,1,2,1,0,0,0,0,2,2,0,1,1,94.55,3144,1,1
1,1,0,0,1,1,0,1,0,0,0,0,0,0,0,1,2,70.05,5502,0,1
1,0,0,0,1,0,1,0,0,0,0,0,0,2,0,0,2,35.9,3036,1,1
1,1,0,0,2,0,1,0,0,0,0,0,0,0,0,1,3,24.45,3978,1,1
0,0,0,0,8,1,2,1,2,0,0,2,2,2,0,1,0,103.35,6198,1,1
0,1,0,0,2,1,0,1,0,0,0,0,2,0,0,0,3,81.5,1087,0,1
1,1,0,0,7,1,2,1,0,0,0,0,2,0,0,1,2,84.8,4536,1,1
0,1,0,0,31,1,2,1,0,2,0,0,2,2,0,1,2,99.95,2769,1,1
0,0,0,0,18,1,2,1,0,2,0,0,2,0,0,1,1,90.0,950,1,1
1,0,0,0,7,1,0,1,0,0,2,0,0,0,0,1,2,74.9,4149,0,1
0,1,0,0,14,1,2,1,0,2,2,0,2,2,0,1,2,104.85,960,1,1
1,1,0,0,15,1,2,1,0,0,0,0,0,0,0,1,1,74.2,263,1,1
0,1,0,0,4,1,2,1,0,0,0,0,0,0,0,1,2,74.45,2542,0,1
0,0,0,0,5,1,0,1,0,2,0,2,0,2,0,1,2,89.35,3914,1,1
1,0,1,0,8,1,2,1,0,0,0,0,0,2,0,1,0,85.65,5259,0,1
0,0,0,0,1,1,2,1,0,0,0,0,0,0,0,1,2,77.15,5865,1,1
1,0,0,0,1,0,1,0,0,0,0,0,0,2,0,1,0,35.25,3031,1,1
1,0,1,0,4,0,1,0,0,2,0,0,2,2,0,1,2,48.55,1635,1,1
1,0,0,0,3,1,0,1,2,0,0,0,0,2,0,1,3,86.05,2091,0,1
0,0,0,0,14,1,2,1,0,0,2,0,0,0,0,1,2,80.45,143,1,1
0,0,1,0,6,1,2,1,0,2,0,0,0,2,0,1,2,90.75,4309,0,1
1,0,0,0,2,1,0,1,2,0,0,0,0,0,0,1,2,75.7,1468,1,1
1,0,0,0,1,1,2,1,0,0,0,0,0,0,0,1,3,74.25,5716,1,1
0,1,0,0,25,1,2,1,0,2,0,0,0,2,0,1,2,89.7,1803,1,1
0,1,0,0,16,1,2,1,0,0,0,0,2,2,0,1,2,96.4,1033,1,1
1,1,0,0,1,1,0,1,0,0,0,0,0,0,0,1,0,69.5,5446,1,1
1,0,0,0,24,1,2,1,0,2,0,0,2,2,0,1,0,99.65,2050,0,1
1,0,1,0,2,1,2,1,0,0,2,0,2,0,0,1,2,91.45,1209,0,1
1,1,1,0,36,1,2,1,0,0,0,0,0,2,0,1,1,85.25,2725,1,1
0,0,0,0,9,1,2,1,0,0,0,0,0,2,0,1,2,83.3,6033,1,1
0,0,0,0,8,1,0,1,0,0,0,0,2,0,0,1,0,80.1,5370,1,1
0,0,0,0,7,1,0,1,0,0,2,2,2,2,0,1,2,100.4,5602,0,1
1,0,0,0,13,1,2,1,2,0,0,0,2,2,0,0,3,98.15,421,1,1
1,1,0,0,8,1,0,1,0,0,0,0,0,0,0,1,1,69.95,4655,0,1
1,1,0,0,25,1,2,1,0,2,2,0,2,2,0,0,3,105.95,2303,1,1
1,0,1,0,30,1,2,1,0,0,0,0,2,2,0,1,1,94.05,2472,1,1
0,0,0,0,1,1,0,0,0,0,0,0,0,2,0,1,3,54.75,4491,1,1
1,1,0,0,39,1,2,1,0,0,0,0,2,2,0,1,0,95.65,3228,1,1
0,0,0,0,1,1,2,1,0,0,0,0,2,2,0,1,2,94.6,6424,1,1
0,1,0,1,30,1,2,1,0,0,0,2,2,2,0,1,2,101.3,2570,0,1
0,0,0,1,12,1,2,1,0,2,2,0,2,2,0,1,2,105.3,506,0,1
1,1,0,0,3,1,2,1,0,0,0,0,0,0,0,1,2,76.05,1947,1,1
0,0,0,0,7,1,0,1,0,0,2,0,0,0,0,1,2,75.15,4396,0,1
0,0,0,0,1,1,0,1,0,0,0,0,0,0,0,0,2,70.1,5503,0,1
0,0,0,0,29,1,2,1,0,0,2,0,2,2,0,0,0,100.55,2485,0,1
1,1,0,0,1,1,0,1,0,0,0,0,0,0,0,1,2,69.75,5451,1,1
1,0,1,0,10,1,0,1,0,0,0,0,0,0,0,1,2,70.3,5703,1,1
0,0,0,0,1,1,2,1,0,2,0,0,0,0,0,1,3,80.2,6016,1,1
0,1,0,0,33,1,2,1,0,2,2,2,2,2,0,1,2,110.45,3160,1,1
1,0,0,0,2,1,0,1,0,0,0,0,0,0,0,0,1,70.7,731,1,1
1,1,1,0,7,1,2,1,0,0,2,0,2,2,0,1,2,99.25,5289,1,1
1,0,1,0,1,1,0,1,0,0,0,2,2,0,0,1,2,84.8,6178,1,1
0,0,0,0,33,1,2,1,0,0,0,0,0,2,0,1,2,83.35,2396,1,1
1,0,0,0,24,1,0,1,0,0,0,0,2,2,0,1,2,90.35,1872,1,1
1,0,1,0,1,1,0,1,0,0,0,0,2,2,0,1,2,90.75,6326,1,1
0,0,0,1,4,1,2,1,0,2,0,0,2,0,0,0,3,89.6,3155,1,1
1,0,0,0,2,0,1,0,0,0,2,0,2,2,0,1,2,49.25,6323,1,1
0,0,0,0,19,1,2,1,2,2,0,0,0,2,0,1,2,95.15,1322,1,1
1,0,0,0,22,1,2,1,2,0,0,0,2,2,0,1,0,101.35,1952,1,1
0,0,0,0,4,1,0,1,0,0,0,0,0,0,0,1,1,70.05,2314,1,1
1,0,1,0,4,1,2,1,0,0,0,0,0,0,0,1,2,74.65,2607,1,1
0,0,0,0,7,1,2,1,2,0,0,0,0,0,0,1,3,79.65,4940,1,1
1,1,0,0,19,1,2,1,0,0,2,0,0,0,0,1,2,79.85,871,1,1
1,0,1,0,5,1,2,1,0,2,0,0,0,0,0,1,2,78.75,3512,1,1
1,1,1,1,8,1,0,1,0,0,0,0,2,0,0,1,1,80.45,4805,1,1
0,0,0,0,1,1,2,0,0,0,0,0,0,0,0,1,3,50.1,4225,1,1
1,0,1,0,2,1,0,1,0,0,2,0,0,0,0,0,2,76.4,927,1,1
1,0,0,0,3,1,0,1,0,0,2,2,2,2,0,1,2,98.7,2532,1,1
0,1,0,0,13,1,2,1,2,0,0,0,2,2,0,1,2,100.8,564,1,1
1,1,0,0,10,1,0,1,0,0,0,0,0,2,0,1,2,79.25,5987,1,1
1,0,0,0,5,1,2,1,0,0,0,0,2,2,0,1,0,94.85,3922,1,1
0,0,0,0,2,1,2,1,0,0,0,0,0,2,0,1,2,85.7,1190,1,1
0,0,1,0,1,1,0,0,0,0,0,0,2,0,0,1,3,55.3,4562,0,1
1,1,0,0,5,1,0,1,0,0,0,0,2,2,0,1,2,89.5,4039,1,1
1,1,1,0,1,1,2,1,0,0,0,0,2,0,0,1,2,86.05,6240,1,1
1,0,0,0,4,0,1,0,0,0,0,0,2,2,0,1,2,44.55,1250,1,1
0,0,0,0,1,1,2,1,0,0,0,0,2,2,0,0,3,95.65,6446,1,1
0,1,0,0,10,0,1,0,0,0,0,0,0,2,0,1,2,34.7,2857,1,1
1,0,0,0,13,1,0,1,0,0,0,0,0,0,0,1,2,70.15,6402,0,1
1,0,1,1,17,1,2,1,0,0,0,0,2,2,0,1,2,92.55,933,1,1
1,0,0,0,9,1,2,1,0,0,0,0,2,0,0,1,2,85.35,5815,1,1
1,1,0,0,7,0,1,0,0,2,0,2,0,2,0,1,2,44.4,2298,0,1
0,0,0,1,4,1,0,1,0,0,2,2,2,2,0,1,0,98.1,3388,1,1
0,0,0,0,24,1,2,1,0,0,2,0,2,0,0,1,1,88.95,1698,0,1
1,0,0,0,4,1,2,1,2,0,0,0,0,0,0,1,2,80.1,2915,0,1
0,1,0,0,9,1,2,1,0,0,0,0,0,0,0,1,2,74.55,5052,1,1
1,0,0,0,3,1,2,1,0,0,2,0,2,2,0,1,2,100.95,2858,1,1
1,0,0,0,10,1,0,1,0,0,2,0,2,2,0,1,2,94.9,93,1,1
1,1,1,0,32,1,2,1,0,0,2,2,2,2,0,1,2,104.9,2910,1,1
1,0,1,1,2,1,0,1,2,0,0,0,2,2,0,0,2,97.1,1396,0,1
1,0,0,0,3,1,0,1,0,0,2,2,2,0,0,1,3,88.35,2267,1,1
1,1,1,0,1,1,2,1,0,0,0,0,0,0,0,1,2,74.4,5719,1,1
1,1,0,0,8,1,0,1,0,0,0,0,0,0,0,1,2,69.7,4638,1,1
0,1,1,0,12,1,2,1,0,2,2,0,2,0,0,1,2,98.1,120,1,1
1,0,0,0,3,0,1,0,0,0,0,0,0,0,0,0,2,25.1,5973,0,1
0,1,1,0,4,1,2,1,2,0,0,0,2,2,0,1,2,99.6,3003,1,1
0,0,0,0,11,1,0,1,0,2,2,2,0,2,0,1,2,94.2,6530,0,1
1,0,0,0,1,1,2,0,0,0,0,0,0,0,0,1,2,50.15,4226,0,1
0,0,0,0,1,1,0,1,0,0,0,0,0,2,0,1,2,81.95,6060,1,1
1,0,1,0,7,1,0,1,0,0,0,0,0,0,0,1,2,69.35,3836,1,1
0,0,0,0,12,1,0,1,0,2,0,0,0,2,0,1,2,84.6,35,0,1
0,0,0,0,6,1,0,1,0,0,0,0,2,2,0,1,2,91.1,3879,1,1
1,0,1,0,14,1,2,1,0,0,0,0,2,0,0,1,2,86.1,431,1,1
1,0,0,0,25,1,2,1,0,0,0,0,2,2,0,1,0,94.7,1999,1,1
1,0,1,0,22,1,2,1,0,0,0,0,0,2,0,1,2,85.1,1447,1,1
1,0,1,0,22,1,0,1,0,0,2,0,2,0,0,1,0,87.0,1416,0,1
1,0,0,0,12,1,0,1,0,0,0,0,0,2,0,1,0,79.95,85,0,1
0,0,0,0,11,1,0,0,0,0,0,0,2,2,0,1,2,64.9,5606,0,1
0,1,0,1,1,1,0,1,0,0,0,0,0,0,0,1,2,71.0,5564,1,1
0,0,0,0,1,1,0,1,0,0,0,0,0,2,0,1,2,79.7,5972,1,1
0,1,1,1,1,1,0,1,0,0,0,0,0,0,0,1,2,69.25,5443,1,1
0,1,0,0,6,1,0,1,2,0,0,0,0,0,0,1,2,74.1,3830,0,1
1,0,1,0,20,1,0,1,0,0,0,0,2,2,0,1,3,89.0,1374,1,1
1,0,1,0,18,1,2,1,2,0,0,0,2,2,0,1,2,99.4,1261,1,1
0,0,0,0,1,1,0,1,0,0,2,0,0,0,0,0,0,73.5,5666,1,1
1,1,1,0,32,1,2,1,0,2,2,0,0,2,0,1,2,93.5,2568,0,1
1,1,1,0,8,0,1,0,0,2,2,0,0,2,0,1,3,43.35,3198,0,1
1,0,0,0,9,1,2,1,0,0,0,0,2,2,0,1,2,95.5,6127,1,1
1,0,0,0,11,1,0,1,0,2,0,0,0,0,0,1,2,74.55,6107,1,1
1,0,0,0,1,1,0,1,0,0,0,0,0,0,0,1,2,69.9,5454,0,1
0,1,0,1,33,1,2,1,0,2,2,0,2,2,0,1,0,105.35,2998,0,1
1,0,0,0,40,1,2,1,0,2,2,0,2,2,0,1,3,102.65,3497,0,1
1,1,1,0,41,1,2,1,0,0,2,0,2,2,0,1,2,99.8,3627,1,1
0,0,1,1,20,1,2,1,0,2,2,0,2,2,0,1,0,105.85,1874,1,1
0,0,0,0,7,1,2,1,0,0,0,0,0,0,0,0,3,75.45,4056,1,1
1,0,0,0,7,1,2,1,0,0,0,0,2,2,0,1,2,93.85,5126,1,1
0,0,0,0,4,1,2,1,0,2,0,0,0,0,0,1,3,80.3,2817,0,1
1,0,0,0,22,1,2,1,2,0,0,0,2,2,0,1,2,100.75,1726,1,1
0,0,1,1,3,0,1,0,0,0,0,2,0,0,0,1,3,31.0,6441,1,1
0,1,0,0,14,0,1,0,0,0,0,0,2,2,0,1,2,46.35,5331,0,1
1,0,0,0,3,1,0,1,0,2,2,0,0,2,0,0,2,90.4,2331,0,1
1,1,0,0,5,1,0,1,0,0,0,0,0,0,0,1,3,70.25,2877,1,1
1,0,0,0,10,0,1,0,0,0,0,0,0,2,0,1,3,33.9,2577,1,1
1,0,0,0,2,1,0,1,0,2,0,0,0,0,0,1,2,74.75,812,0,1
1,0,0,0,12,1,2,1,0,0,0,0,2,0,0,1,2,84.45,114,1,1
1,0,1,1,1,1,0,1,0,0,0,0,2,2,0,0,3,89.15,6297,1,1
1,1,0,0,14,1,2,1,0,0,0,0,0,0,0,1,2,74.95,76,1,1
0,0,1,0,16,1,2,1,0,0,0,0,2,0,0,1,2,84.95,682,1,1
1,0,0,0,1,1,0,1,0,0,0,0,2,0,0,1,2,79.55,5969,1,1
1,0,0,0,1,1,2,1,0,0,0,0,2,0,0,0,2,84.5,6174,1,1
0,1,0,0,2,0,1,0,0,0,2,0,0,0,0,1,2,30.4,5911,1,1
0,0,0,0,5,1,0,1,0,0,0,2,0,2,0,1,1,85.4,3623,1,1
1,1,0,0,23,1,2,1,0,2,2,0,2,2,0,1,2,106.4,2131,1,1
0,0,0,0,37,1,2,1,0,0,2,0,2,2,0,1,2,100.05,3268,0,1
0,0,0,0,10,1,2,1,0,0,0,0,0,0,0,1,3,75.75,5898,0,1
1,0,0,0,6,1,0,1,0,2,0,0,0,2,0,1,2,84.4,4609,1,1
0,1,0,0,2,1,2,1,0,0,0,0,2,0,0,1,2,85.55,1442,1,1
1,0,0,0,4,1,0,1,0,0,0,0,2,0,0,0,2,77.85,2584,1,1
1,0,0,0,3,1,2,1,0,2,2,0,2,2,0,1,0,105.35,2808,1,1
1,0,0,0,17,1,2,1,0,0,2,2,0,2,0,1,0,95.65,1116,0,1
0,0,0,0,8,1,2,1,0,0,0,0,2,0,0,1,2,87.05,5835,1,1
1,0,0,0,1,1,0,0,0,0,0,0,2,0,0,1,3,53.5,4432,1,1
0,0,0,0,1,0,1,0,0,0,0,0,0,0,0,1,3,25.1,2149,1,1
1,0,0,0,11,1,0,1,0,0,2,0,0,2,0,0,2,84.8,6292,0,1
1,1,0,0,9,1,2,1,0,0,0,0,0,0,0,1,2,74.05,5362,0,1
1,0,1,0,36,1,2,1,0,0,0,0,2,2,0,1,2,95.4,3009,0,1
0,0,0,0,13,1,2,1,0,2,2,0,0,0,0,1,2,84.45,113,1,1
0,1,1,0,32,1,2,1,0,0,0,0,2,0,0,1,1,85.95,2277,1,1
1,0,0,0,1,1,0,1,0,0,0,2,0,0,0,1,3,74.3,5717,0,1
0,1,0,0,38,1,2,1,0,0,0,2,2,2,0,1,2,99.55,3214,1,1
1,1,0,0,2,1,0,1,0,2,2,2,0,2,0,1,1,95.1,1345,1,1
0,0,0,0,4,1,0,1,0,2,0,0,0,0,0,1,0,76.65,2890,1,1
0,0,1,1,5,1,0,1,0,2,0,2,2,2,0,1,3,99.15,3934,1,1
0,0,1,0,15,1,0,1,2,0,2,0,2,2,0,0,2,101.75,1152,0,1
0,1,0,0,4,1,0,1,0,2,0,0,0,0,0,0,2,72.75,2754,0,1
1,1,0,0,3,1,2,1,0,0,0,0,2,2,0,1,2,94.85,2908,0,1
1,0,0,0,31,1,0,1,0,2,2,0,2,2,0,1,2,101.4,2733,0,1
1,0,0,1,25,1,0,1,0,2,0,0,2,2,0,1,2,95.9,2100,1,1
1,1,1,0,17,1,0,1,0,0,0,0,0,2,0,0,0,81.5,599,1,1
1,1,1,0,3,0,1,0,0,0,0,0,2,0,0,1,3,36.45,6394,1,1
0,1,0,0,1,0,1,0,0,0,0,0,0,0,0,0,3,25.05,2148,1,1
0,0,0,0,9,1,0,1,0,2,2,0,0,0,0,0,2,80.55,5225,0,1
1,0,0,0,1,1,0,0,0,0,0,0,0,2,0,1,2,55.25,4561,0,1
0,0,0,0,1,1,2,1,0,0,0,0,2,2,0,1,2,93.85,6395,1,1
1,0,0,0,3,0,1,0,0,0,0,2,0,0,0,1,2,29.75,6469,0,1
0,0,0,0,7,1,2,0,0,0,0,2,2,2,0,1,2,74.65,4363,1,1
0,0,0,0,12,1,2,1,0,0,0,0,2,2,0,1,2,94.2,88,1,1
1,1,1,0,4,0,1,0,0,0,2,0,0,0,0,1,2,29.9,334,0,1
0,0,0,0,19,0,1,0,0,2,0,0,0,2,0,1,2,39.7,5572,0,1
1,1,1,0,10,1,2,1,0,0,0,0,0,2,0,1,2,86.65,6231,1,1
1,1,0,0,17,1,0,1,0,2,2,0,2,2,0,1,2,101.8,1273,0,1
1,0,0,0,22,1,0,1,0,2,0,0,2,2,0,1,3,93.2,1771,0,1
1,0,0,0,1,0,1,0,0,0,0,0,0,0,0,1,2,24.4,2039,0,1
0,0,0,0,6,1,0,1,0,0,0,0,0,0,0,0,1,70.55,3685,0,1
0,0,0,1,10,1,0,1,0,0,2,2,2,0,0,1,2,91.1,6474,0,1
0,0,0,0,4,1,2,1,0,0,0,2,2,2,0,1,3,100.85,3405,0,1
1,1,1,0,12,1,2,1,0,2,0,0,2,2,0,1,2,101.35,401,1,1
1,0,0,0,1,1,2,1,2,0,0,0,0,0,0,1,2,81.7,6059,1,1
0,0,0,0,4,1,0,1,0,0,0,0,0,2,0,1,2,79.15,2753,1,1
1,1,0,0,35,1,2,1,0,0,0,0,2,2,0,1,2,95.45,3008,1,1
0,0,0,0,5,0,1,0,0,2,0,0,2,2,0,1,1,50.95,1929,0,1
0,0,0,0,5,1,2,0,0,2,0,0,0,2,0,1,2,64.0,3190,0,1
0,0,1,1,1,1,0,1,0,0,0,0,0,0,0,1,3,69.1,5440,1,1
0,1,0,0,1,1,0,1,0,0,0,0,0,0,0,1,2,69.6,5448,1,1
0,0,0,0,4,1,2,1,0,2,0,0,0,0,0,0,0,77.95,2651,1,1
1,1,0,0,38,1,2,1,0,0,0,0,2,2,0,0,2,94.75,3158,0,1
0,1,0,0,1,1,0,1,0,0,0,0,2,0,0,0,2,78.45,5910,1,1
0,1,0,0,9,1,2,1,0,0,0,0,0,2,0,1,2,84.45,5838,1,1
0,0,0,0,1,1,0,1,0,0,2,0,0,0,0,0,2,75.55,5773,0,1
1,0,0,0,4,1,2,1,0,0,0,0,0,2,0,1,2,85.65,2934,1,1
0,0,0,0,1,1,0,1,0,0,0,0,0,0,0,1,2,70.25,5506,0,1
1,1,0,0,51,1,2,1,0,0,2,0,2,2,0,1,2,97.8,4162,1,1
0,0,0,0,41,1,2,1,0,2,2,0,2,2,0,1,2,106.3,3770,1,1
0,0,0,0,7,1,2,1,0,0,0,0,0,0,0,1,2,75.35,4671,0,1
0,0,0,0,12,1,0,1,0,0,2,2,0,2,0,1,2,89.4,190,1,1
0,1,0,0,5,1,2,1,0,0,0,0,2,0,0,1,1,83.15,3787,1,1
1,0,0,0,10,1,2,1,0,0,0,0,0,0,0,1,3,74.15,6070,1,1
0,1,0,0,2,1,2,1,0,0,0,0,0,2,0,1,2,84.05,1428,0,1
0,0,1,0,11,1,2,1,0,0,2,0,2,2,0,1,2,99.5,107,1,1
0,0,0,0,1,1,2,1,0,0,0,0,0,2,0,1,3,85.45,6210,1,1
1,0,1,0,12,1,0,1,0,2,0,0,0,2,0,1,1,85.05,6529,0,1
1,0,0,0,13,1,0,1,0,0,2,0,2,0,0,1,2,83.2,121,1,1
0,0,1,0,21,1,2,1,2,0,2,0,2,2,0,1,2,103.9,1890,1,1
0,1,0,0,2,1,2,1,0,0,0,0,0,0,0,1,3,75.45,1030,1,1
1,1,1,0,1,1,2,1,0,0,0,0,2,2,0,1,2,95.1,6442,1,1
1,0,1,0,6,1,2,1,0,0,0,0,0,0,0,1,2,75.5,3718,1,1
0,0,1,1,4,1,0,1,0,0,2,0,0,0,0,1,2,73.75,2828,1,1
1,0,0,0,12,1,2,1,0,0,0,0,2,2,0,1,2,96.05,283,1,1
1,0,0,0,1,1,0,1,0,0,0,0,0,0,0,1,3,70.6,5513,0,1
1,0,0,0,18,1,2,1,0,0,0,0,2,0,0,0,0,84.3,967,0,1
0,0,0,0,4,1,2,1,0,2,0,0,0,2,0,1,2,88.95,3076,1,1
1,1,1,0,53,1,2,1,0,2,0,0,2,2,0,1,2,101.9,4601,1,1
0,0,1,1,29,1,0,1,0,0,0,0,2,2,0,1,1,87.8,2269,0,1
1,0,0,0,10,1,0,1,0,0,0,0,2,2,0,1,2,89.5,6246,1,1
1,0,0,0,1,1,0,1,0,0,0,0,0,0,0,1,2,69.8,5452,1,1
0,0,1,0,21,1,2,1,0,0,0,0,2,2,0,1,2,94.3,1549,0,1
1,0,1,0,24,1,2,1,0,0,2,0,2,2,0,1,2,101.05,2031,1,1
1,0,0,0,2,1,0,1,0,0,0,0,0,0,0,1,1,71.3,1021,0,1
1,0,1,0,18,1,2,1,0,0,0,0,2,2,0,1,2,94.7,1183,1,1
1,0,0,0,1,1,0,1,0,0,0,0,2,2,0,1,2,90.55,6324,1,1
0,0,0,0,26,1,0,1,0,0,0,0,2,2,0,1,0,88.8,1910,1,1
1,0,0,0,7,1,2,1,0,0,0,0,0,2,0,1,3,85.2,4929,1,1
1,1,0,0,5,1,0,1,0,0,0,0,2,2,0,1,2,91.4,3806,1,1
0,1,0,0,15,1,0,1,0,0,0,0,2,2,0,1,2,91.5,733,0,1
0,0,0,0,18,1,2,1,0,0,0,0,0,0,0,1,2,74.15,629,0,1
1,0,0,0,2,1,2,1,0,0,0,0,0,0,0,1,1,73.25,568,1,1
0,0,0,0,3,0,1,0,0,2,0,0,0,0,0,0,3,29.2,6501,0,1
0,0,1,1,9,1,2,1,0,0,0,0,2,0,0,1,0,85.35,5793,1,1
1,1,0,0,1,1,2,1,0,0,0,0,0,0,0,1,2,75.35,5770,1,1
0,1,1,0,2,1,0,1,0,0,0,0,0,0,0,1,2,69.3,957,0,1
0,0,0,0,8,1,2,1,0,0,0,0,0,0,0,1,2,75.25,4754,0,1
0,1,0,0,11,1,2,1,0,0,0,0,0,2,0,1,1,84.8,6337,1,1
1,0,1,0,1,1,2,1,0,0,0,0,0,0,0,1,0,74.6,5722,1,1
1,1,1,0,2,1,0,1,0,0,2,0,0,0,0,1,2,74.2,729,0,1
0,0,0,0,1,1,2,1,0,2,0,0,0,0,0,1,3,79.15,5963,0,1
0,0,0,0,50,1,2,1,0,0,0,0,2,2,0,1,2,95.7,3998,0,1
0,0,0,1,1,1,0,1,0,0,0,0,0,2,0,1,2,79.6,5970,1,1
0,0,0,1,7,1,0,1,0,0,0,0,0,0,0,1,2,71.05,3995,0,1
1,0,0,0,20,1,2,1,0,0,0,0,2,0,0,1,2,85.25,1244,1,1
1,1,0,0,5,1,2,1,0,2,0,0,0,2,0,1,2,89.8,4251,1,1
0,1,0,0,32,1,0,1,0,0,0,0,0,2,0,1,2,79.5,2319,0,1
0,0,0,0,3,1,0,1,0,0,0,0,2,0,0,1,2,80.5,1955,0,1
1,0,1,0,8,1,0,1,2,0,0,0,0,0,0,1,3,75.0,5250,0,1
1,1,0,0,9,1,2,1,0,2,0,0,2,2,0,1,1,99.45,6365,1,1
1,0,1,0,9,1,2,0,0,2,2,0,0,2,0,1,1,69.05,5226,0,1
1,0,0,0,8,1,0,1,0,0,0,0,0,0,0,1,3,70.1,4576,1,1
0,1,0,0,2,1,0,1,0,0,0,0,0,0,0,1,0,70.2,286,1,1
1,0,1,0,25,1,0,1,0,0,0,2,2,2,0,1,1,95.7,1972,0,1
0,0,0,0,12,1,2,1,0,0,2,0,2,2,0,1,0,100.15,307,1,1
1,0,0,0,21,1,2,1,0,0,0,0,0,0,0,1,2,73.7,999,0,1
1,1,1,1,26,1,2,1,0,2,2,0,2,2,0,0,2,105.75,2354,1,1
0,1,1,0,18,0,1,0,0,0,2,0,2,2,0,1,2,48.35,6064,1,1
0,0,1,1,2,0,1,0,0,0,0,0,0,0,0,1,3,24.4,3114,1,1
0,0,1,0,24,1,2,1,0,0,2,0,0,0,0,1,3,79.65,1525,0,1
0,1,0,0,1,1,0,1,0,0,0,0,0,0,0,1,2,71.25,5568,0,1
1,1,1,0,29,1,2,1,0,2,2,0,0,2,0,1,2,95.9,2384,1,1
0,1,0,0,30,1,2,1,0,2,2,0,2,2,0,1,2,104.1,2711,0,1
1,1,0,0,8,1,0,1,0,0,0,0,0,0,0,1,2,69.7,4722,0,1
0,1,0,0,1,0,1,0,0,0,0,0,0,0,0,0,2,25.25,2152,1,1
0,0,0,0,9,1,0,1,0,0,0,0,2,2,0,1,3,88.4,5950,0,1
0,0,0,0,1,1,2,1,0,0,0,0,0,0,0,1,2,75.1,5768,1,1
1,0,0,0,42,1,2,1,0,2,0,0,2,2,0,1,2,101.75,3639,1,1
1,1,1,0,46,1,2,1,0,0,2,0,2,2,0,1,2,101.0,3961,1,1
1,0,0,0,1,1,0,1,0,0,0,0,0,0,0,1,2,69.1,5440,1,1
0,0,0,0,13,1,2,1,0,0,0,0,0,0,0,1,3,75.0,6528,1,1
0,1,0,0,1,1,0,1,0,0,0,0,0,0,0,1,2,71.15,5566,1,1
0,0,1,1,32,1,2,1,0,2,0,0,2,2,0,1,2,98.85,2681,0,1
1,1,0,0,11,1,0,1,0,0,0,0,0,2,0,1,2,78.5,6273,0,1
0,0,1,0,11,1,2,1,0,2,0,0,2,2,0,1,2,102.0,276,1,1
0,0,0,0,1,1,0,1,0,0,0,0,0,0,0,1,3,70.8,5517,1,1
1,0,0,0,16,1,2,1,0,0,0,2,0,2,0,1,1,89.05,831,1,1
0,0,0,0,3,1,2,1,0,0,0,0,2,2,0,1,2,96.6,2516,1,1
1,0,0,0,2,1,0,1,0,0,0,0,0,0,0,1,2,69.8,849,0,1
0,0,1,0,2,1,2,1,0,0,0,0,2,0,0,1,2,84.05,616,0,1
0,0,1,1,2,1,0,1,0,0,0,0,0,0,0,1,2,71.65,640,0,1
1,0,0,0,7,1,0,1,0,2,0,0,2,2,0,1,2,94.25,5309,1,1
0,0,1,0,1,1,0,1,0,0,0,0,0,0,0,1,2,68.95,5383,1,1
1,1,0,0,2,1,2,1,0,0,0,0,2,2,0,1,2,93.85,1566,1,1
1,0,0,0,4,1,2,1,0,0,0,0,0,0,0,1,2,76.05,2763,1,1
1,0,0,0,1,0,1,0,0,0,0,0,0,0,0,1,3,24.45,2040,1,1
1,0,0,0,7,1,2,1,0,0,2,0,2,0,0,1,1,89.35,5102,1,1
1,0,0,0,3,1,0,1,0,0,2,0,0,0,0,1,1,73.6,1957,0,1
1,0,1,0,4,1,0,1,0,0,0,0,2,0,0,1,2,80.35,2667,1,1
1,0,0,0,1,1,0,1,0,0,0,0,2,0,0,1,2,79.05,5961,1,1
1,0,1,0,1,1,0,1,2,0,0,0,2,2,0,1,2,95.0,6440,1,1
0,0,0,0,1,0,1,0,0,0,0,0,0,0,0,0,3,25.2,2151,1,1
1,1,0,0,41,1,2,1,0,0,2,0,2,2,0,1,2,98.4,3577,1,1
0,0,0,1,12,1,2,1,0,0,0,0,2,0,0,1,2,84.05,6477,0,1
1,1,0,0,35,1,2,1,0,0,2,0,2,2,0,1,2,101.4,3027,1,1
1,1,1,0,10,1,2,1,0,0,2,0,0,2,0,1,2,89.8,6353,1,1
1,0,0,0,6,1,0,1,0,0,0,0,0,0,0,1,2,69.1,3696,0,1
0,1,0,0,26,1,0,1,0,0,0,0,2,2,0,1,2,91.25,1994,1,1
1,0,0,0,12,1,0,1,0,0,0,0,2,0,0,1,2,81.45,6350,0,1
1,0,0,0,10,1,2,1,0,2,0,0,0,0,0,0,2,79.85,6002,0,1
1,1,0,0,1,1,0,1,0,0,0,0,0,0,0,1,2,71.65,5571,1,1
1,0,1,0,24,1,2,1,0,2,2,0,2,2,0,1,2,104.65,2196,1,1
0,0,0,0,3,1,2,1,0,0,0,0,0,0,0,1,2,74.25,1731,1,1
0,1,0,0,1,1,2,1,0,0,0,0,0,0,0,1,2,74.2,5715,1,1
0,0,1,1,6,1,2,1,0,2,2,0,2,0,0,1,3,94.05,4344,0,1
1,1,1,0,43,1,2,1,0,2,0,0,2,2,0,1,2,101.0,3725,1,1
1,0,1,0,4,1,2,1,0,2,0,0,2,2,0,1,2,100.2,3591,1,1
0,0,0,0,4,1,0,1,0,2,2,2,2,2,1,1,2,105.65,3765,1,1
0,0,0,0,26,1,2,1,0,0,2,0,2,2,0,1,0,100.5,2248,0,1
1,1,1,0,36,1,2,1,0,2,0,0,2,2,0,1,2,96.5,2975,1,1
0,0,1,0,27,1,2,1,0,0,0,0,2,2,0,0,1,95.0,2115,0,1
1,1,1,0,1,1,0,1,0,0,0,0,0,0,0,0,3,70.85,5518,1,1
1,0,0,0,4,1,0,1,0,0,2,0,0,0,0,1,2,73.9,2430,1,1
1,0,1,0,17,1,2,1,0,2,2,0,2,2,0,1,2,102.55,1259,0,1
0,0,0,0,30,1,2,1,0,2,0,0,2,2,0,1,2,100.2,2580,1,1
1,0,0,0,3,1,2,1,0,0,2,0,2,2,0,1,0,101.55,2576,1,1
1,0,1,1,9,1,0,1,0,0,2,2,2,2,0,0,2,103.1,6485,0,1
1,0,0,0,22,1,2,1,0,2,0,0,2,2,0,1,2,100.65,2058,0,1
0,0,1,0,18,1,2,1,0,0,0,2,2,0,0,1,2,88.85,1049,0,1
0,0,0,0,3,1,2,1,0,0,0,0,0,0,0,1,2,74.95,1748,0,1
0,0,0,0,1,1,0,1,0,0,0,0,0,2,0,0,1,80.15,6015,1,1
0,0,1,0,1,1,0,1,0,0,0,0,2,0,0,0,2,78.8,5912,1,1
1,0,1,1,2,1,0,1,0,0,0,0,0,0,0,0,3,69.95,796,0,1
1,1,0,0,1,1,0,1,0,0,0,0,0,0,0,0,2,69.1,5440,1,1
1,0,1,1,20,1,0,1,0,0,0,0,2,2,0,1,2,90.2,1300,1,1
0,0,0,0,6,1,2,1,0,0,0,0,2,2,0,1,0,93.55,4471,1,1
1,0,0,0,1,1,0,1,0,0,0,0,0,2,0,1,3,80.85,6023,1,1
0,0,1,0,18,1,0,1,0,0,2,0,2,2,0,1,1,95.95,1266,0,1
0,1,0,0,2,1,2,1,0,0,2,0,0,0,0,1,2,78.55,883,1,1
0,0,0,1,1,1,0,1,0,0,0,0,0,2,0,0,2,78.65,5911,1,1
1,1,0,0,49,1,2,1,0,0,0,0,2,2,0,1,2,96.2,3992,1,1
0,1,0,0,6,1,0,1,0,0,2,0,0,0,0,0,2,74.4,3689,1,1
1,1,1,0,17,1,2,1,0,0,0,0,2,2,0,1,2,94.8,1010,0,1
0,0,1,0,6,1,2,1,0,2,2,0,2,2,0,1,2,105.3,4529,1,1
1,0,1,0,16,1,2,1,0,0,0,0,0,0,0,1,0,73.85,517,1,1
0,1,1,0,7,1,2,1,0,0,0,0,0,2,0,1,2,84.55,5190,1,1
1,0,1,1,1,1,0,1,0,0,0,0,0,0,0,1,1,69.95,5455,0,1
0,1,0,0,20,1,2,1,0,0,0,0,0,2,0,1,1,85.8,1233,1,1
0,0,0,0,4,0,1,0,0,0,0,0,0,0,0,1,2,24.45,6242,1,1
1,0,0,0,3,1,0,1,0,0,0,0,2,2,0,0,3,90.7,2009,0,1
1,0,0,0,28,1,2,1,0,2,2,0,2,2,0,1,2,105.7,2575,1,1
0,1,0,0,8,1,2,1,0,0,0,0,0,2,0,0,2,85.2,5475,0,1
1,0,0,0,1,0,1,0,0,0,0,0,0,0,0,1,2,24.25,2038,1,1
0,0,0,0,11,1,2,1,0,0,0,0,0,0,0,1,2,76.5,6164,1,1
1,0,0,0,14,1,0,1,0,0,0,0,2,2,0,1,2,92.9,612,0,1
0,0,0,0,4,1,2,1,0,2,0,2,0,2,0,1,2,93.5,3128,1,1
0,1,0,0,2,1,0,1,0,0,0,0,0,0,0,1,2,69.6,569,1,1
0,1,0,0,39,1,2,1,0,0,2,0,2,2,0,1,2,99.75,3449,0,1
1,0,0,0,14,1,2,1,0,2,0,0,2,2,0,1,2,100.55,764,1,1
1,0,0,0,4,1,0,1,0,0,2,0,0,0,0,1,0,74.8,2794,1,1
1,0,0,0,7,1,2,1,0,0,0,0,2,2,0,1,2,94.1,5527,0,1
0,0,0,0,14,1,0,1,0,0,0,0,0,0,0,1,1,71.0,6352,1,1
0,0,0,0,3,0,1,0,0,2,0,0,2,2,0,1,2,50.6,986,1,1
0,0,0,0,1,1,0,1,0,0,0,0,0,0,0,0,2,70.5,5511,1,1
0,0,0,0,10,1,2,1,0,2,2,0,0,2,0,1,2,94.85,6452,1,1
1,1,0,0,9,1,0,1,0,0,0,0,0,2,0,1,2,79.55,5616,0,1
0,1,1,1,14,1,2,1,0,0,0,0,2,2,0,1,2,95.8,632,0,1
0,0,1,0,10,1,2,1,2,0,0,0,0,0,0,1,1,78.15,5847,0,1
0,0,0,0,1,1,0,1,0,0,0,0,0,0,0,1,2,69.6,5448,1,1
0,0,0,0,1,1,0,1,0,0,0,0,2,0,0,0,2,78.05,5907,1,1
1,0,0,0,7,1,2,1,0,0,0,0,0,0,0,0,2,73.6,4356,1,1
0,0,0,0,9,1,2,1,0,0,0,0,0,0,0,1,2,74.75,5548,1,1
1,0,0,0,1,1,0,1,0,0,0,2,0,0,0,0,2,74.0,5713,0,1
0,1,1,0,24,1,2,1,0,0,0,0,2,2,0,1,2,93.55,1901,1,1
1,0,0,0,2,0,1,0,0,0,0,0,0,0,0,1,2,25.05,4636,1,1
1,1,1,0,27,1,2,1,0,2,2,0,0,2,0,1,2,95.55,2169,1,1
0,1,1,0,19,1,2,1,0,0,0,0,2,2,0,1,2,94.95,1286,0,1
0,0,0,0,1,1,0,1,0,0,2,0,2,0,0,1,2,85.45,6210,1,1
1,1,0,0,24,1,2,1,0,2,0,0,0,0,0,1,2,80.5,1715,0,1
1,0,0,0,25,1,2,1,0,0,0,0,0,2,0,1,2,84.8,1675,1,1
1,0,0,0,21,1,2,1,2,0,2,0,2,2,0,0,3,103.85,1849,0,1
1,1,1,0,7,1,0,1,0,0,0,0,2,2,0,1,2,89.0,4946,0,1
1,0,0,0,6,1,2,1,0,0,0,0,0,0,0,1,2,74.9,3971,1,1
1,0,0,0,6,1,2,1,0,0,0,2,0,2,0,1,0,87.95,4372,0,1
0,0,0,0,15,1,0,1,0,2,2,0,2,2,0,1,2,101.25,842,1,1
0,0,0,0,12,1,2,1,0,0,0,0,0,2,0,1,2,86.55,127,0,1
1,1,0,0,12,1,2,1,0,0,0,0,0,0,0,1,1,73.3,6123,0,1
0,1,0,0,2,0,1,0,0,0,0,0,0,0,0,0,2,24.35,3493,1,1
0,1,0,0,29,1,2,1,0,0,0,2,2,2,0,0,2,98.65,2471,1,1
1,1,1,0,5,1,2,1,0,0,2,0,0,0,0,1,0,79.9,2971,1,1
0,1,0,0,28,1,2,1,0,0,2,2,2,2,0,1,2,103.3,2495,1,1
0,0,1,0,11,1,2,1,2,0,0,2,2,0,0,1,1,96.2,409,1,1
0,0,0,1,22,1,2,1,0,0,0,0,0,2,0,1,2,84.75,1371,0,1
1,1,0,0,5,1,0,1,0,2,0,0,0,2,0,1,2,85.55,3483,0,1
1,1,0,0,24,1,2,1,0,2,2,0,2,2,0,1,1,102.95,2142,1,1
0,0,0,0,1,1,0,1,0,0,0,0,2,2,0,0,2,90.6,6325,1,1
1,0,0,0,4,1,2,1,0,2,0,0,0,2,0,1,2,90.05,3171,1,1
1,1,1,0,14,1,2,1,0,0,0,0,0,0,0,1,2,75.1,31,0,1
1,0,0,0,3,1,0,1,0,0,0,0,0,0,0,1,3,70.3,1824,0,1
0,0,1,0,3,1,2,1,0,0,0,0,0,0,0,1,2,75.85,2216,1,1
1,0,1,1,1,1,0,1,0,0,0,0,0,0,0,1,2,68.5,5379,1,1
0,0,0,0,1,1,0,1,0,0,0,0,0,0,0,1,3,69.95,5455,1,1
1,0,0,0,5,1,0,0,0,0,2,0,2,2,0,1,2,70.05,2993,1,1
1,0,0,0,8,1,2,1,0,2,2,0,2,0,0,1,2,94.0,5885,1,1
1,0,1,1,22,1,2,1,0,0,2,0,2,0,0,1,2,88.75,1459,0,1
0,1,0,0,46,1,2,1,0,2,2,0,2,2,0,1,2,104.45,4107,0,1
1,1,1,0,4,1,0,1,0,0,0,0,0,0,0,1,2,70.2,2428,0,1
0,1,0,0,32,1,0,1,0,0,0,0,2,2,0,0,2,90.95,2501,0,1
1,0,1,0,9,1,2,1,2,0,0,0,0,2,0,1,2,88.05,6027,0,1
1,0,0,1,3,1,2,1,0,0,2,0,0,2,0,0,2,91.85,2226,1,1
0,1,0,0,31,1,2,1,0,0,0,0,0,0,0,1,2,73.9,1853,1,1
0,0,0,0,14,1,0,1,0,0,0,0,2,2,0,1,3,89.8,245,1,1
0,1,0,0,37,1,2,1,0,0,0,0,2,2,0,1,2,96.55,3101,1,1
0,0,0,0,22,0,1,0,0,0,2,0,2,2,0,1,2,50.6,145,0,1
0,0,0,0,7,0,1,0,0,2,0,0,0,2,0,1,1,40.1,2531,1,1
1,1,0,0,24,1,2,1,0,2,0,0,2,2,0,1,2,101.25,2092,1,1
0,0,0,0,1,1,0,1,0,0,0,0,2,0,0,0,2,79.55,5969,1,1
0,1,0,0,14,1,2,1,0,0,2,0,0,0,0,1,0,80.35,111,0,1
0,0,0,0,2,1,0,1,0,0,0,0,0,0,0,1,2,70.15,420,0,1
1,0,0,0,1,1,0,1,0,0,0,0,2,2,0,1,2,89.1,6296,1,1
0,0,0,0,7,1,0,1,0,0,0,0,0,0,0,1,3,69.9,4204,0,1
0,1,0,0,18,1,0,1,0,0,2,0,0,2,0,1,2,84.95,823,0,1
0,1,0,0,8,1,2,1,0,0,0,0,0,0,0,1,2,75.75,4954,1,1
1,1,1,0,1,1,2,1,2,0,0,0,0,0,0,1,2,80.3,6018,1,1
0,0,0,0,1,1,0,1,0,0,2,0,0,0,0,1,2,74.9,5724,1,1
0,0,0,0,23,1,2,1,0,2,0,0,2,2,0,1,1,98.7,1882,0,1
0,1,0,0,9,1,0,1,0,0,0,0,2,0,0,1,2,80.85,5781,1,1
0,0,1,0,22,1,0,1,0,0,0,0,2,0,0,1,1,80.0,1204,0,1
0,0,1,0,21,1,2,1,0,0,0,0,0,2,0,1,2,86.5,1355,1,1
1,1,0,0,1,0,1,0,0,0,0,0,0,0,0,1,2,25.1,2149,1,1
1,0,1,1,6,1,0,1,0,2,0,0,0,2,0,1,1,83.55,4037,1,1
0,0,1,0,16,1,0,1,0,2,0,0,2,2,0,1,0,94.65,853,0,1
0,1,0,0,17,1,0,1,0,2,2,0,2,0,0,1,2,89.15,894,1,1
1,0,0,1,1,1,0,1,0,0,0,0,0,0,0,1,3,70.45,5510,1,1
0,0,0,0,4,1,2,1,0,0,0,0,0,0,0,1,2,75.65,2619,0,1
1,0,1,0,17,1,2,1,0,2,0,0,0,0,0,1,0,80.5,611,0,1
1,0,0,0,3,1,0,1,0,0,0,0,2,0,0,1,2,78.5,2064,1,1
1,1,0,0,3,1,0,1,0,0,0,0,2,0,0,1,2,79.9,2251,1,1
0,1,0,0,30,1,2,1,0,2,0,0,2,2,0,1,2,99.7,2564,1,1
1,1,0,0,45,1,2,1,0,0,0,0,2,2,0,1,0,93.9,3593,0,1
1,0,1,0,10,1,2,1,0,0,2,0,2,2,0,1,2,98.5,77,1,1
0,0,0,0,1,1,2,1,0,2,0,0,2,2,0,1,1,100.25,2,1,1
0,0,0,0,16,1,2,1,0,0,2,0,0,2,0,1,2,88.45,775,1,1
1,0,0,0,1,1,0,1,0,0,0,0,0,0,0,1,2,69.85,5453,1,1
1,0,0,0,4,1,0,1,0,0,0,0,0,2,0,1,2,79.9,2819,1,1
0,1,1,0,26,1,2,1,0,0,2,0,2,2,0,1,0,98.1,2170,0,1
0,0,1,0,1,1,0,1,0,0,0,0,0,0,0,1,3,69.4,5445,1,1
0,0,0,0,7,1,2,1,0,0,0,0,0,0,0,1,2,74.9,4498,1,1
1,0,0,0,1,1,0,1,0,0,0,0,0,0,0,1,2,70.35,5508,0,1
1,0,0,0,3,1,0,1,0,2,0,0,0,2,0,0,2,84.3,1987,0,1
0,0,0,0,1,1,0,1,0,0,0,0,0,0,0,1,2,70.1,5503,1,1
0,0,0,1,12,1,2,1,2,0,0,0,0,0,0,1,2,78.3,6342,1,1
0,0,0,0,1,1,0,1,0,2,0,0,2,0,0,0,2,84.3,6172,1,1
0,0,0,0,28,1,0,1,0,0,0,0,0,2,0,1,2,80.6,1879,0,1
0,1,1,0,11,1,2,1,0,0,2,0,2,2,0,1,2,99.55,256,1,1
1,1,0,0,8,1,2,1,0,0,2,0,0,0,0,1,2,81.25,4815,1,1
1,0,1,1,9,1,2,1,0,0,2,0,0,0,0,1,0,79.35,5273,1,1
0,0,0,0,15,1,2,1,0,2,0,0,0,0,0,1,2,79.75,217,1,1
0,0,1,1,30,1,2,1,0,0,2,0,2,2,0,1,2,100.05,2647,1,1
1,0,0,0,1,1,0,1,0,0,0,0,0,0,0,1,2,69.35,5444,1,1
1,0,1,0,17,0,1,0,0,2,0,0,2,2,0,1,3,49.8,6162,0,1
0,0,0,0,3,1,0,1,0,0,0,2,0,2,0,0,2,85.8,2361,1,1
0,1,0,0,1,1,2,0,0,0,0,0,0,0,0,0,3,50.55,4230,1,1
1,0,1,0,1,1,0,1,0,0,0,0,2,0,0,1,2,80.55,6021,1,1
0,0,1,1,12,1,2,1,0,2,2,0,0,0,0,1,2,84.5,6359,1,1
0,0,0,0,22,1,0,1,0,2,0,0,0,2,0,1,3,84.3,1419,1,1
1,0,0,0,2,1,0,1,0,0,0,0,0,0,0,1,2,67.75,299,1,1
0,1,0,0,27,1,2,1,0,0,0,0,0,2,0,1,2,85.25,1926,1,1
1,0,1,1,9,1,2,1,0,0,2,0,2,0,1,1,2,90.35,5855,0,1
0,0,0,0,10,1,2,1,0,2,0,0,0,0,0,1,0,80.05,6135,1,1
0,1,0,0,1,1,2,1,0,0,0,0,0,2,0,1,2,85.05,6207,1,1
0,0,0,0,6,1,0,1,0,0,2,2,2,2,0,1,3,99.95,4542,1,1
1,1,0,0,4,1,0,1,0,0,2,0,2,2,0,1,2,94.75,3601,0,1
1,0,1,0,3,1,2,1,0,0,0,2,0,0,0,1,0,79.65,2168,1,1
1,0,0,0,8,1,0,1,0,0,2,0,2,2,0,1,2,94.7,5727,1,1
0,1,0,0,8,1,0,1,0,0,2,0,0,0,0,1,0,74.05,4915,0,1
1,0,0,0,5,1,2,1,0,0,2,0,2,0,0,1,2,92.5,3847,1,1
0,0,0,0,2,1,2,1,0,0,0,0,0,0,0,1,2,75.55,1144,1,1
1,1,0,0,26,1,2,1,0,0,0,0,2,2,0,1,2,93.6,2048,0,1
1,0,1,1,1,1,0,1,0,0,0,0,0,0,0,1,2,70.0,5501,1,1
0,0,1,0,33,1,2,1,0,2,2,0,2,2,0,1,2,104.4,2951,1,1
0,0,0,0,1,1,0,1,0,0,0,0,0,0,0,1,3,70.7,5515,0,1
1,0,0,0,2,1,0,1,0,0,0,0,0,0,0,1,2,70.3,808,0,1
0,1,0,0,4,1,2,1,0,0,0,0,0,0,0,1,2,74.9,2793,1,1
0,0,0,0,2,1,2,1,0,0,0,0,0,0,0,0,1,74.9,864,1,1
0,0,0,0,25,1,2,1,0,2,0,0,2,2,0,1,2,100.25,2023,1,1
0,1,0,0,25,1,2,1,2,2,0,0,2,2,0,1,3,102.8,2316,1,1
1,0,1,0,10,1,0,1,0,2,0,2,2,2,0,1,2,99.85,6516,1,1
0,0,0,1,2,1,2,1,0,0,0,0,2,2,0,1,0,94.2,1531,1,1
1,1,0,0,9,1,2,1,0,0,0,0,0,2,0,1,2,83.85,5977,1,1
0,1,0,0,27,1,2,1,0,0,2,0,0,2,0,0,1,88.3,2118,1,1
1,0,0,0,24,1,2,1,0,0,0,0,2,2,0,1,2,94.1,1960,0,1
1,0,1,0,22,1,0,1,0,0,2,0,2,2,0,1,1,94.7,1517,1,1
1,1,0,0,21,1,2,1,0,2,2,0,2,2,0,1,2,104.35,1907,0,1
1,0,0,0,36,1,2,1,0,0,0,0,0,2,0,1,2,84.9,2663,1,1
1,0,0,0,1,1,0,1,0,2,0,0,0,0,0,1,2,74.35,5718,1,1
1,0,0,0,5,1,2,1,0,2,2,0,2,2,0,0,3,104.1,4500,1,1
0,0,0,0,11,1,2,1,2,0,0,0,0,0,0,1,0,79.0,6388,0,1
0,1,1,0,15,1,0,1,0,2,0,0,2,2,0,1,2,94.65,518,0,1
0,0,1,0,34,1,2,1,0,0,2,0,2,2,0,1,2,100.45,2958,0,1
1,0,0,0,2,1,2,1,0,0,0,0,0,0,0,1,2,76.5,1086,1,1
0,0,1,1,4,1,0,1,0,0,0,0,0,2,0,0,2,80.85,2622,1,1
1,0,0,0,1,1,0,1,0,0,0,0,2,0,0,1,2,78.95,5914,1,1
0,0,0,0,3,1,0,1,0,0,0,0,2,0,0,1,2,79.4,2088,1,1
0,0,1,0,24,1,0,1,0,2,2,0,2,2,0,1,1,99.3,2079,1,1
0,0,1,0,5,1,0,1,0,0,0,0,0,0,0,1,2,68.95,3043,0,1
0,0,1,0,19,1,0,1,0,0,2,0,2,2,0,1,2,96.8,1262,0,1
1,0,0,0,9,1,0,1,0,0,0,0,0,0,0,0,3,70.05,5246,0,1
1,0,0,0,5,1,0,1,0,0,0,0,0,2,0,0,3,78.75,3628,0,1
1,0,0,0,18,1,2,1,0,2,0,0,0,0,0,1,2,80.65,838,1,1
0,0,0,0,1,1,0,1,0,0,0,0,0,0,0,0,3,71.1,5565,1,1
0,1,1,0,31,1,2,1,0,0,0,0,0,2,0,1,2,84.85,2281,0,1
1,1,0,0,1,1,2,1,0,0,0,0,2,2,0,1,2,94.0,6418,1,1
0,1,0,0,15,1,2,1,0,2,0,0,0,2,0,0,2,89.85,787,1,1
0,0,0,0,22,1,2,1,0,0,0,2,2,0,0,1,2,90.0,1604,1,1
1,0,0,0,22,1,2,1,0,0,0,0,0,2,0,0,2,83.05,1341,0,1
0,1,0,0,8,1,2,1,0,2,2,0,2,2,0,1,2,105.5,6129,1,1
0,0,0,1,16,1,0,1,0,0,0,0,2,0,0,1,2,81.0,573,1,1
0,0,1,1,1,1,0,1,0,0,0,0,0,0,0,1,2,69.8,5452,1,1
1,1,0,0,7,1,2,1,0,0,0,0,0,0,0,0,3,73.75,4528,1,1
0,0,0,0,24,1,0,1,2,0,0,0,2,2,0,1,2,94.6,1924,0,1
0,0,0,0,5,1,2,1,0,0,0,0,2,2,0,1,3,93.9,4102,1,1
0,1,0,0,3,1,0,1,0,0,0,0,0,0,0,1,2,70.4,1673,1,1
0,0,1,1,31,1,2,1,0,2,0,0,0,2,0,1,2,91.15,2589,1,1
0,0,0,0,2,1,0,1,0,0,0,0,0,0,0,1,2,70.95,668,1,1
1,0,1,0,34,1,2,1,0,0,2,0,2,2,0,0,2,100.85,3056,0,1
0,0,1,0,37,1,2,1,0,0,2,0,2,2,0,1,2,99.5,3229,1,1
1,0,0,0,16,1,2,1,0,2,0,0,0,0,0,1,3,80.55,452,0,1
1,0,0,0,10,1,0,1,2,2,2,0,2,2,0,1,2,104.4,163,1,1
1,1,0,0,8,0,1,0,0,0,2,0,0,0,0,1,2,29.4,1845,1,1
1,1,0,0,20,1,2,1,0,0,0,0,2,0,0,1,2,84.35,1265,0,1
0,0,0,0,3,0,1,0,0,0,0,0,0,0,0,0,2,25.25,4784,1,1
0,0,0,1,4,1,2,1,0,2,2,0,0,0,0,0,0,84.05,2889,1,1
1,1,1,0,37,1,2,1,0,0,0,0,2,0,0,1,2,85.7,2755,1,1
0,0,0,0,1,1,0,1,0,2,0,0,0,0,0,1,2,74.7,5723,1,1
0,0,0,0,5,1,2,1,0,2,0,0,2,0,0,1,2,90.8,3880,1,1
0,0,0,0,33,1,2,1,0,2,2,0,2,2,0,0,2,107.55,3147,0,1
0,1,0,0,28,1,2,1,0,2,2,0,2,2,0,1,2,106.15,2739,1,1
0,0,0,0,2,1,2,1,0,2,0,0,0,0,0,0,2,79.55,926,0,1
0,0,0,0,1,0,1,0,0,0,0,0,2,0,0,1,2,35.75,3034,1,1
1,0,1,0,15,1,2,1,0,0,2,2,2,2,0,1,2,103.45,971,0,1
1,1,0,0,16,1,2,1,0,0,0,0,0,0,0,1,0,74.45,477,0,1
1,0,0,0,4,1,0,1,0,0,0,0,2,0,0,1,2,81.0,2948,1,1
1,0,0,0,26,1,2,1,0,0,2,0,2,2,0,1,2,98.35,2176,1,1
1,0,0,0,5,0,1,0,0,2,0,0,2,2,0,1,3,51.0,2652,1,1
0,0,1,0,4,1,2,1,0,2,0,0,2,0,0,1,2,91.65,3153,1,1
1,1,1,0,29,1,2,1,0,0,0,0,0,2,0,1,2,84.3,1997,0,1
1,0,0,0,2,1,0,1,2,2,0,0,2,2,0,0,2,100.2,1585,0,1
1,0,0,1,1,1,0,1,0,0,0,0,2,2,0,1,2,90.85,6327,1,1
1,0,0,0,1,1,0,1,0,0,0,0,0,0,0,0,3,69.4,5445,1,1
0,1,0,0,8,1,0,1,0,0,2,0,2,2,0,1,1,94.45,5738,1,1
1,1,0,0,50,1,2,1,0,0,0,0,2,2,0,1,2,95.7,4068,1,1
0,0,0,0,6,0,1,0,0,0,2,0,2,2,0,1,2,47.95,2650,1,1
1,0,0,0,14,0,1,0,0,0,2,0,2,2,0,1,2,50.75,5587,1,1
0,0,0,0,12,1,2,1,0,0,0,2,0,0,0,1,1,79.55,6462,0,1
0,0,0,0,18,1,0,1,2,0,0,0,2,2,0,1,2,96.05,1256,1,1
0,0,0,0,7,1,2,1,0,0,0,0,0,0,0,1,0,75.1,4587,1,1
1,1,0,0,2,1,0,0,0,0,0,0,0,0,0,1,2,44.7,6394,1,1
1,0,1,1,11,1,2,1,0,0,0,0,0,0,0,1,2,74.35,6156,1,1
1,1,0,0,23,0,1,0,0,0,0,0,0,2,0,1,0,34.65,5860,0,1
1,1,0,0,14,1,2,1,0,0,0,0,2,2,0,1,2,95.6,502,0,1
0,0,0,0,1,1,0,1,0,0,0,0,0,0,0,1,2,70.3,5507,1,1
1,0,1,1,6,1,0,1,0,0,0,0,0,0,0,1,2,69.8,3235,0,1
1,1,1,0,10,1,2,1,0,0,0,0,0,2,0,0,2,85.55,6216,1,1
1,0,0,1,6,1,0,1,0,0,2,0,2,2,0,0,3,94.5,4748,1,1
1,0,1,1,9,1,0,1,0,2,0,2,2,2,0,1,2,101.5,6337,0,1
0,0,0,0,12,1,2,1,0,2,0,0,0,2,0,1,2,89.15,109,0,1
0,1,1,0,16,1,2,1,0,0,0,0,0,2,0,1,1,85.35,677,1,1
0,0,0,0,2,1,0,1,0,0,0,0,2,0,0,1,3,79.65,940,1,1
0,1,0,0,2,1,0,1,0,0,0,0,0,2,0,1,2,79.6,1551,1,1
1,1,0,0,19,1,2,1,2,0,0,0,2,0,0,1,2,90.6,1145,1,1
1,0,0,0,9,1,2,1,0,0,0,0,0,0,0,1,2,75.85,5638,0,1
0,0,0,0,36,1,2,1,0,2,0,0,2,2,0,1,2,99.15,3124,1,1
1,0,0,0,21,1,2,1,0,2,0,0,0,0,0,1,2,82.35,1418,1,1
0,0,0,0,4,1,2,1,0,0,0,0,0,0,0,0,2,75.35,2933,1,1
1,0,1,0,1,1,0,1,0,0,2,0,0,0,0,0,1,75.35,5770,0,1
1,1,1,0,23,1,2,1,0,2,2,0,2,2,0,1,2,104.45,1800,0,1
1,1,1,0,7,1,2,1,2,2,0,0,0,2,0,1,1,94.7,5335,1,1
1,1,0,0,3,1,2,1,0,0,0,0,0,0,0,1,2,77.0,2011,1,1
0,0,0,0,1,1,0,1,0,0,2,0,0,0,0,0,2,75.3,5769,1,1
0,0,0,0,8,1,2,1,0,0,0,0,0,0,0,1,2,73.5,5108,0,1
1,0,0,0,1,1,0,1,0,0,0,0,0,0,0,0,2,70.4,5509,1,1
0,0,0,0,5,1,0,1,0,0,0,2,0,0,0,1,3,75.65,3406,0,1
0,1,0,0,15,1,0,1,0,2,0,0,0,0,0,1,1,75.3,281,1,1
0,0,1,0,11,1,2,1,0,0,0,0,2,2,0,1,2,94.0,152,1,1
0,0,0,0,13,1,0,1,0,0,0,0,2,0,0,1,3,81.9,60,0,1
0,0,1,0,44,1,2,1,0,0,0,0,2,2,0,1,2,96.1,3707,1,1
1,1,1,0,24,1,2,1,0,2,2,0,2,2,0,1,2,104.25,2082,1,1
1,1,0,0,15,1,2,1,0,2,0,0,0,0,0,1,2,80.2,398,1,1
1,1,0,0,2,1,2,1,0,0,0,0,0,0,0,1,3,72.6,972,0,1
1,0,0,0,1,1,0,1,0,0,0,0,2,2,0,1,2,89.25,6298,0,1
0,1,1,0,3,0,1,0,0,2,0,0,0,0,0,1,2,30.75,6102,0,1
1,0,0,1,11,1,2,1,0,0,0,0,0,2,0,0,2,86.2,6312,0,1
0,0,1,1,17,1,2,1,2,0,2,0,2,2,0,1,2,104.2,1263,1,1
1,0,0,0,9,1,2,1,0,0,0,0,0,0,0,1,2,76.25,5400,0,1
0,0,0,0,1,1,0,1,0,2,0,0,0,0,0,0,2,74.35,5718,0,1
1,1,0,0,1,1,0,1,0,0,0,0,0,0,0,1,2,69.65,5449,1,1
1,0,0,0,9,1,0,1,0,0,0,0,0,2,0,1,2,80.8,5591,1,1
0,0,0,0,7,1,0,1,0,0,0,0,2,0,0,1,3,80.3,4400,1,1
1,1,1,0,36,1,2,1,0,0,0,0,0,2,0,1,2,84.1,2625,1,1
0,1,0,0,1,0,1,0,0,0,0,0,2,0,0,1,2,36.45,3113,1,1
0,1,0,0,41,1,2,1,0,2,2,0,2,2,0,1,2,104.4,3526,0,1
1,1,1,0,30,1,2,1,0,0,0,2,2,2,0,1,2,101.5,2521,0,1
1,1,1,1,29,1,2,1,0,0,2,0,2,2,0,1,2,103.95,2561,0,1
0,1,1,0,24,0,1,0,0,0,2,0,0,2,0,1,1,40.65,6404,1,1
0,0,1,0,8,1,2,1,0,0,0,0,0,2,0,1,2,84.9,5846,1,1
0,1,1,0,17,1,2,1,0,0,0,0,2,2,0,1,2,92.55,1078,0,1
0,0,1,1,2,1,0,1,0,2,0,0,0,0,0,1,0,73.55,835,1,1
1,0,0,0,7,1,2,1,0,0,0,0,2,2,0,0,2,96.2,5153,0,1
1,1,1,0,16,1,2,1,0,0,2,0,2,2,0,1,2,98.75,1038,1,1
0,0,1,0,8,1,0,1,0,2,2,0,2,2,0,0,2,101.15,6184,1,1
1,0,0,0,9,1,2,1,2,0,0,0,0,0,0,1,2,81.15,5928,0,1
1,0,0,0,20,1,2,1,0,0,2,0,2,0,0,1,2,88.7,1288,1,1
0,0,0,0,2,1,0,1,0,0,0,0,2,0,0,1,2,79.75,1113,1,1
0,0,0,0,27,1,2,1,0,0,0,0,2,2,0,1,3,94.55,2369,1,1
1,0,0,0,12,1,2,1,0,0,0,0,2,2,0,0,2,94.55,324,0,1
0,1,0,0,5,1,0,1,0,0,0,0,0,0,0,1,3,69.05,2761,1,1
1,1,0,0,37,1,2,1,0,0,2,0,2,2,0,1,2,101.1,3221,1,1
0,0,0,0,6,1,2,1,0,2,0,0,2,0,0,1,2,90.1,4364,1,1
0,0,0,0,6,1,0,1,0,0,0,0,2,2,0,0,2,89.3,4764,1,1
0,0,1,0,3,1,2,1,0,0,0,0,2,2,0,1,2,95.2,2525,1,1
0,1,0,0,5,0,1,0,0,0,0,0,2,2,0,0,2,45.7,1582,1,1
1,0,1,0,8,1,0,1,2,0,0,0,0,0,0,1,2,74.5,4976,1,1
0,0,0,0,1,1,0,1,0,0,0,0,2,0,0,1,2,79.65,5971,1,1
0,1,1,0,28,1,2,1,0,0,0,2,2,2,0,1,1,101.3,2438,1,1
0,0,1,1,1,1,0,1,0,0,0,0,2,0,0,1,3,80.05,6014,1,1
1,0,1,1,29,1,2,1,0,0,2,0,0,2,0,1,2,89.2,2345,1,1
1,1,1,0,13,1,0,1,0,0,0,0,0,0,0,0,0,70.45,6203,0,1
1,0,1,1,19,1,2,1,0,0,0,0,0,2,0,1,2,83.65,860,1,1
1,0,1,1,1,1,0,1,0,0,0,0,2,2,0,1,2,90.1,6322,0,1
1,1,1,0,10,1,0,1,0,2,2,2,2,0,0,1,3,92.5,6405,1,1
0,0,1,1,13,1,0,1,0,0,0,0,2,2,0,0,2,88.35,412,1,1
0,1,0,0,1,1,2,1,0,0,0,0,0,0,0,1,3,74.45,5720,1,1
0,0,0,1,1,1,0,1,0,0,0,0,2,2,0,1,2,89.35,6300,0,1
1,0,1,1,5,1,2,1,2,0,2,0,0,0,0,1,2,84.5,3857,1,1
1,0,0,0,18,1,2,1,0,0,2,0,0,2,0,1,1,90.7,1053,1,1
0,1,0,0,3,1,0,1,0,0,0,0,0,0,0,1,2,70.3,1990,1,1
1,0,1,1,16,1,2,1,0,0,2,0,2,0,0,1,0,90.8,820,0,1
0,0,0,0,10,1,2,1,0,0,0,0,0,0,0,1,2,74.75,6009,1,1
1,0,0,0,2,1,0,1,0,0,0,0,2,0,0,1,2,80.25,811,1,1
1,0,0,0,36,1,2,1,0,0,0,0,0,2,0,1,2,84.75,2653,1,1
1,1,0,0,12,1,2,1,0,0,2,0,2,2,0,1,2,99.45,370,1,1
0,0,0,0,1,1,0,1,0,0,0,0,0,0,0,1,2,70.6,5513,1,1
0,0,0,0,5,1,0,1,0,0,0,0,2,0,0,1,1,81.0,3331,1,1
1,0,0,0,6,1,0,1,0,2,0,0,2,0,0,1,2,84.85,4383,1,1
0,1,0,0,26,1,2,1,0,2,0,0,2,0,0,1,2,89.15,1915,1,1
0,1,1,0,1,0,1,0,0,0,0,0,0,0,0,1,2,24.8,2044,1,1
0,0,0,0,15,1,0,1,0,0,2,0,2,2,0,1,1,94.0,917,0,1
1,1,0,0,18,1,2,1,0,2,0,0,0,0,0,1,1,80.55,754,0,1
1,0,0,0,13,1,0,1,0,0,0,0,0,2,0,1,2,80.85,18,1,1
0,0,0,0,30,1,2,1,0,0,2,0,2,2,0,0,2,100.45,2693,0,1
0,0,1,0,9,1,0,1,0,0,0,0,2,2,0,0,2,89.45,6221,1,1
1,0,0,0,10,1,2,0,0,0,0,0,2,2,0,1,1,72.15,5991,1,1
1,0,1,0,9,1,0,1,0,2,2,0,0,0,0,1,2,79.9,5734,1,1
1,1,0,0,32,1,2,1,0,0,0,0,2,2,0,1,1,96.15,2616,1,1
1,0,0,0,1,1,2,1,0,0,0,0,2,0,0,1,3,84.65,6176,1,1
0,1,1,0,1,1,0,1,0,0,0,0,0,0,0,1,2,69.55,5447,1,1
0,0,1,1,10,1,0,1,0,0,0,0,2,2,0,1,2,88.85,6389,0,1
0,0,0,0,7,1,0,1,0,0,0,0,2,0,0,1,2,79.7,4816,1,1
0,0,0,0,1,1,2,1,0,0,0,0,2,0,0,1,2,84.6,6175,0,1
0,1,0,0,5,1,0,1,0,0,2,0,2,0,0,1,3,84.85,3547,1,1
0,0,0,0,9,1,0,1,0,0,0,0,0,0,0,0,2,69.05,5212,0,1
1,1,0,0,1,1,2,1,0,0,0,0,0,0,0,1,2,73.65,5669,1,1
0,1,1,0,6,1,2,1,0,0,0,0,0,2,0,1,2,84.35,4009,1,1
0,0,0,0,8,1,0,1,2,0,0,0,2,0,0,0,2,84.95,5302,1,1
1,0,0,0,11,1,0,1,0,0,0,2,0,0,0,1,2,73.85,6381,1,1
1,1,0,0,15,1,0,1,0,0,0,0,0,2,0,1,2,79.4,293,1,1
1,1,1,0,16,1,0,1,0,0,0,0,0,0,0,1,0,71.8,313,1,1
1,0,0,0,18,1,0,1,0,2,2,0,2,2,0,0,1,101.3,1334,0,1
0,0,0,0,1,1,0,1,0,0,0,0,0,0,0,1,3,70.15,5504,1,1
0,0,1,0,7,1,0,1,0,0,0,0,0,0,0,1,0,69.2,4037,0,1
0,1,0,0,21,1,2,1,0,0,0,0,2,2,0,1,0,95.4,1659,0,1
1,0,0,0,9,0,1,0,0,0,0,0,2,0,0,1,1,34.7,2554,1,1
0,0,0,0,1,1,0,1,0,0,0,0,0,2,0,1,2,81.1,6057,1,1
0,0,0,0,3,1,0,1,0,0,0,0,2,2,0,1,2,89.45,2046,1,1
0,0,0,0,3,1,0,1,0,2,0,2,2,2,0,1,2,97.9,2738,1,1
1,0,0,0,1,1,0,0,0,0,0,0,0,2,0,1,3,55.7,4566,1,1
1,0,0,0,13,1,0,1,0,2,2,0,0,0,0,1,2,79.8,6492,1,1
0,0,0,0,5,1,0,1,0,0,0,0,2,0,0,0,2,80.2,3286,0,1
0,0,1,0,18,0,1,0,0,0,2,0,2,0,0,1,2,39.05,5311,1,1
0,1,1,0,3,1,0,1,0,0,0,2,2,0,0,1,3,83.9,2324,1,1
0,1,0,0,1,1,0,1,0,0,0,0,0,0,0,1,2,69.85,5453,1,1
0,0,0,0,1,1,0,0,0,0,0,0,2,0,0,1,3,53.55,4433,1,1
1,0,1,0,11,1,2,1,0,2,0,0,0,0,0,1,0,80.5,6316,1,1
1,0,0,0,4,1,0,1,0,0,0,0,2,2,0,1,2,88.45,3193,1,1
0,0,1,1,23,1,2,1,0,0,0,0,2,0,0,1,2,83.75,1411,0,1
1,1,0,0,22,1,2,1,0,0,0,2,2,0,0,1,0,90.5,1511,1,1
1,0,1,0,9,1,0,1,0,2,2,2,2,0,0,1,3,94.85,6307,1,1
1,0,1,1,7,1,0,1,0,0,0,0,0,0,0,1,0,69.95,4421,1,1
0,0,0,0,3,1,2,1,0,0,0,0,0,0,0,1,2,75.5,1826,1,1
0,0,1,0,3,1,2,1,0,0,0,0,0,0,0,1,1,74.75,1930,1,1
1,0,0,0,23,1,2,1,0,0,2,2,2,2,0,1,3,104.05,2121,1,1
1,1,1,0,7,1,2,1,0,0,0,0,0,0,0,1,2,74.85,4091,0,1
0,0,0,0,13,1,2,1,2,2,0,0,2,0,0,1,2,96.65,446,1,1
0,0,0,0,39,1,2,1,0,2,2,0,2,2,0,1,2,103.45,3411,1,1
1,0,1,0,3,0,1,0,0,0,0,0,0,0,0,0,3,25.0,5908,0,1
1,0,1,0,14,0,1,0,0,0,0,0,2,2,0,0,2,46.35,5299,1,1
1,0,0,0,1,1,0,1,0,0,0,0,0,2,0,0,2,79.6,5970,1,1
1,0,0,0,1,1,0,1,0,0,0,2,0,0,0,1,2,75.9,5778,1,1
1,0,1,0,1,1,0,1,0,0,2,0,0,0,0,0,2,76.2,5821,1,1
0,0,0,0,7,1,0,1,0,0,0,0,2,0,0,1,2,79.0,4373,1,1
1,0,1,0,18,1,2,1,0,0,0,0,2,2,0,1,2,94.75,1191,0,1
1,0,1,0,24,1,2,1,0,0,0,0,2,2,0,1,2,93.0,1881,0,1
0,0,0,0,1,1,0,1,0,0,0,0,0,0,0,1,2,70.25,5506,1,1
0,0,1,1,37,1,2,1,0,0,0,0,2,2,0,1,2,95.25,2879,0,1
0,1,0,0,10,1,0,1,0,0,2,0,0,2,0,1,1,84.6,6253,1,1
0,1,1,0,39,1,2,1,0,0,0,2,2,2,0,1,2,101.25,3373,0,1
1,0,0,0,3,1,0,1,0,0,0,0,0,0,0,1,3,69.6,1694,0,1
1,0,0,0,8,1,2,1,0,0,0,0,0,2,0,1,2,86.55,5205,1,1
0,0,1,0,1,0,1,0,0,0,0,0,0,2,0,0,2,35.0,3028,0,1
1,1,0,0,6,1,0,1,2,0,0,0,2,0,0,1,0,85.15,4260,1,1
1,0,0,0,5,1,0,1,0,2,0,0,0,0,0,1,2,74.65,3279,0,1
1,0,1,1,21,1,2,1,0,2,2,0,2,2,0,0,2,104.4,1773,1,1
0,0,1,0,19,1,2,1,0,0,0,0,2,0,0,1,2,86.85,1013,0,1
0,0,0,0,1,1,0,1,0,2,0,0,0,0,0,1,2,75.7,5775,1,1
0,1,1,1,11,1,2,1,0,0,2,0,0,0,0,1,1,78.1,6249,0,1
0,1,1,0,20,1,2,1,0,0,2,0,2,0,0,0,2,90.8,1554,1,1
0,0,1,1,4,1,2,1,0,2,0,0,2,2,0,1,2,97.95,3287,1,1
1,0,0,0,6,1,0,1,0,0,0,0,2,0,0,1,1,80.5,3927,1,1
0,1,1,0,27,1,2,1,2,0,0,2,2,2,0,1,0,104.3,2473,1,1
1,0,0,0,1,1,0,1,0,0,0,0,0,0,0,1,3,71.35,5569,1,1
1,1,0,0,19,1,0,1,2,0,0,0,0,2,0,1,2,87.3,1108,0,1
1,0,0,0,19,1,2,1,0,2,0,0,2,2,0,1,2,99.95,1534,1,1
0,0,0,0,10,1,2,1,0,2,0,0,0,0,0,1,1,81.0,6090,1,1
0,0,0,0,21,1,2,1,0,2,0,0,2,2,0,1,1,99.85,1599,0,1
0,1,1,0,13,1,0,1,0,0,0,0,0,0,0,1,2,70.15,6358,1,1
1,1,1,0,15,1,2,1,2,0,2,0,2,0,0,1,2,96.5,717,0,1
0,0,0,0,1,1,0,1,0,0,0,0,0,0,0,1,3,70.15,5504,1,1
1,1,1,0,16,1,0,1,0,0,2,2,0,2,0,1,2,91.55,977,0,1
0,0,0,0,3,1,0,1,0,0,0,0,0,0,0,1,2,70.25,1933,0,1
0,1,0,0,1,1,0,1,0,0,0,0,0,0,0,1,2,69.65,5449,1,1
0,1,0,0,1,1,0,1,0,0,0,0,2,2,0,1,2,89.3,6299,1,1
0,0,1,0,4,0,1,0,0,0,0,0,0,0,0,1,2,25.15,6512,0,1
0,0,0,0,5,1,2,1,0,0,0,0,2,0,0,1,2,85.2,4008,1,1
0,0,0,0,13,0,1,0,0,0,0,0,0,2,0,1,2,35.1,3788,1,1
1,1,1,0,34,1,2,1,0,0,0,0,0,0,0,1,2,75.55,2074,0,1
1,0,1,0,5,1,2,1,0,2,0,0,0,0,0,1,2,81.3,3556,1,1
0,0,0,0,6,1,0,1,0,2,0,0,0,2,0,1,3,85.95,4325,0,1
0,0,1,1,17,1,2,1,0,0,0,0,0,2,0,1,2,85.45,837,1,1
1,0,1,1,1,1,0,1,0,0,0,0,0,0,0,1,2,71.0,5564,1,1
1,1,0,0,9,1,2,1,0,0,0,0,0,2,0,1,2,85.05,5753,1,1
1,1,1,0,1,1,0,1,0,0,0,0,0,0,0,1,2,70.3,5507,1,1
0,0,1,0,1,1,0,1,0,0,0,0,2,0,0,1,0,79.35,5966,1,1
0,0,0,0,9,1,0,1,0,0,0,0,2,2,0,1,0,90.8,6053,1,1
0,0,0,0,2,0,1,0,0,2,0,0,2,2,0,0,2,51.4,6468,0,1
1,1,1,0,7,1,2,1,0,0,0,0,0,0,0,1,2,75.4,4454,0,1
0,0,1,0,2,1,0,1,0,0,0,0,0,0,0,1,1,70.4,975,0,1
0,0,0,0,3,1,2,1,0,0,0,0,0,0,0,1,2,75.8,2108,1,1
0,0,0,0,3,1,2,1,0,0,0,0,0,0,0,0,2,76.1,2227,0,1
1,1,1,0,21,1,0,1,0,0,0,0,0,0,0,1,2,69.1,873,1,1
0,0,1,1,17,1,2,1,0,0,2,0,2,0,0,0,2,88.25,851,1,1
0,0,0,0,2,1,0,1,0,0,0,0,0,0,0,0,0,70.0,955,1,1
0,0,0,0,21,1,2,1,0,0,0,0,2,2,0,1,2,97.35,1746,1,1
0,0,0,1,1,1,0,1,0,0,0,0,0,0,0,1,2,69.65,5449,1,1
0,0,0,0,10,1,2,1,0,0,2,0,2,2,0,1,2,100.6,120,1,1
0,1,0,0,1,1,0,1,0,2,0,0,0,2,0,1,2,86.0,6239,1,1
1,0,0,0,3,0,1,0,0,2,0,0,0,0,0,1,2,29.6,5967,1,1
1,0,0,0,1,1,0,1,0,2,0,0,0,2,0,1,2,85.0,6206,0,1
0,1,0,0,14,1,2,1,0,2,0,0,0,0,0,1,2,78.95,199,1,1
0,1,0,0,26,1,0,1,0,0,0,0,0,2,0,1,2,78.8,1631,0,1
0,0,0,0,6,1,0,1,0,0,2,2,0,2,0,1,2,89.25,4112,0,1
1,1,1,0,13,1,0,1,0,2,2,0,2,2,0,1,2,98.0,435,1,1
1,0,1,0,5,1,0,1,0,0,2,0,2,2,0,1,2,94.45,4211,1,1
1,1,0,0,3,1,2,1,0,2,2,0,2,2,0,1,2,105.0,2542,1,1
0,1,1,0,26,1,2,1,0,2,2,0,0,2,0,1,2,93.85,2019,1,1
0,1,1,0,8,1,2,1,0,0,0,0,0,2,0,1,2,84.0,5003,1,1
0,0,1,0,9,0,1,0,0,0,2,0,2,2,0,1,2,48.75,3756,1,1
1,0,0,0,1,1,0,1,0,0,2,0,2,0,0,1,2,84.85,6179,1,1
1,0,0,1,1,0,1,0,0,0,0,0,0,0,0,1,2,24.7,2042,0,1
0,0,0,0,31,1,2,1,0,0,2,0,0,2,0,1,2,89.9,2433,1,1
1,1,1,0,18,1,0,1,0,0,0,0,0,2,0,0,2,78.55,776,1,1
1,1,0,0,4,0,1,0,0,0,0,0,0,0,0,1,0,25.2,37,1,1
1,0,1,0,5,1,2,1,2,0,0,0,0,2,0,1,2,89.15,3522,0,1
1,0,1,1,7,1,0,1,0,2,0,2,2,0,0,1,2,89.75,4970,1,1
1,0,1,0,14,1,2,1,0,0,0,0,0,2,0,1,2,85.15,268,1,1
1,1,0,0,11,1,0,1,0,0,0,0,0,2,0,1,1,79.15,6121,0,1
1,1,1,0,3,1,2,1,0,0,0,0,2,2,0,1,2,94.6,2418,1,1
1,0,0,0,16,1,0,1,2,0,0,0,2,2,0,1,2,94.25,880,1,1
0,0,0,0,6,1,2,1,0,2,0,0,2,0,0,1,2,89.75,4584,0,1
0,0,0,0,1,0,1,0,0,0,0,0,0,0,0,1,3,24.9,2045,0,1
1,0,1,0,6,1,2,1,0,0,0,0,2,0,0,1,2,82.85,3910,1,1
0,0,1,1,5,1,0,1,0,2,0,0,0,2,0,1,2,83.6,3454,1,1
0,0,0,0,3,1,0,1,2,0,0,0,0,0,0,1,2,74.55,1964,0,1
0,0,1,0,3,1,2,1,0,2,0,0,0,2,0,1,1,91.5,2067,1,1
1,0,0,0,4,1,0,1,2,2,0,2,0,2,0,1,3,94.9,3118,0,1
1,1,0,0,25,1,2,1,0,2,0,0,2,0,0,1,2,88.95,1934,1,1
0,0,0,0,1,1,0,1,0,0,0,0,0,0,0,0,3,70.75,5516,1,1
1,0,0,0,3,0,1,0,0,0,2,0,2,0,0,1,3,40.15,551,1,1
0,0,0,1,12,1,2,1,0,0,0,0,0,0,0,1,2,76.6,6311,0,1
0,0,0,0,9,1,0,1,0,0,2,0,0,2,0,1,1,85.3,5925,0,1
1,1,1,0,29,1,2,1,0,0,0,0,2,2,0,1,2,94.45,2301,1,1
0,1,0,0,8,1,0,1,0,2,0,0,2,0,0,1,2,87.1,5592,0,1
1,0,0,0,1,0,1,0,0,0,0,0,2,2,0,1,3,45.3,3816,1,1
1,0,0,0,2,1,0,1,0,0,2,0,2,2,0,0,2,94.95,1307,1,1
1,0,1,0,1,0,1,0,0,0,0,0,0,0,0,1,2,23.45,1940,1,1
1,0,1,0,36,1,2,1,0,0,0,0,2,2,0,1,0,95.0,2981,0,1
0,0,0,0,1,1,0,0,0,0,0,0,0,2,0,1,2,55.4,4563,1,1
0,1,1,0,1,1,2,1,0,2,0,0,2,0,0,1,2,90.6,6325,1,1
1,1,1,0,2,1,2,1,0,0,0,0,2,0,0,1,3,86.85,1006,1,1
0,1,0,0,1,1,0,1,0,0,0,0,0,0,0,1,2,70.2,5505,0,1
0,1,1,0,29,1,2,1,0,0,2,0,2,2,0,1,0,99.05,2550,1,1
1,0,1,0,13,1,2,1,0,0,2,0,2,2,0,1,1,102.25,650,1,1
1,1,0,0,19,1,0,1,0,0,2,0,2,2,0,1,1,95.9,1303,1,1
0,0,1,0,14,1,0,1,0,0,0,0,0,2,0,1,2,78.1,234,0,1
1,0,0,0,2,0,1,0,0,0,0,0,0,0,0,1,1,24.9,4143,0,1
0,0,0,0,25,1,0,1,0,2,2,0,2,2,0,1,2,99.5,2003,1,1
0,0,0,0,9,1,0,1,0,0,0,0,0,0,0,0,2,71.0,5330,1,1
0,0,0,0,16,1,0,1,0,2,2,0,0,2,0,1,1,93.2,1024,1,1
0,0,1,0,19,1,2,1,0,2,0,0,0,2,0,1,2,89.1,1091,0,1
1,1,0,0,4,1,0,1,0,0,0,0,0,0,0,1,2,70.65,2533,0,1
0,0,1,1,31,1,2,1,0,0,2,2,2,2,0,1,2,104.2,2823,1,1
1,0,0,0,1,1,0,1,0,0,0,0,0,2,0,1,2,79.25,5965,1,1
1,0,1,0,10,1,0,1,0,0,0,0,0,0,0,1,2,70.1,5260,1,1
0,1,0,0,11,1,2,1,0,0,0,0,2,2,0,1,0,95.15,6525,1,1
1,0,0,0,1,1,0,1,0,0,0,0,0,2,0,0,2,80.5,6020,1,1
1,0,0,0,4,1,2,1,0,0,0,0,0,0,0,1,0,72.2,2651,1,1
1,1,0,0,43,1,0,1,0,0,0,0,2,2,0,1,3,89.55,3299,1,1
0,0,1,1,5,1,0,1,0,0,0,2,2,0,0,1,2,85.75,3984,1,1
0,1,0,0,6,1,2,1,0,2,0,0,2,2,0,1,2,98.25,4637,1,1
0,1,0,0,1,0,1,0,0,0,0,0,0,0,0,1,3,25.7,2156,1,1
0,0,1,1,7,1,0,1,0,0,0,0,0,0,0,1,2,69.0,4280,1,1
0,1,1,0,1,1,0,1,0,2,0,0,0,0,0,1,3,76.4,5823,1,1
0,0,0,0,5,1,2,1,0,0,2,0,2,2,0,1,2,100.5,4324,1,1
1,1,1,0,33,1,2,1,0,2,0,0,2,2,0,1,0,100.6,2846,0,1
1,0,0,0,1,1,0,1,0,0,0,0,0,0,0,0,2,69.95,5455,1,1
1,0,0,1,1,1,2,1,0,0,0,0,2,2,0,1,2,93.3,6390,1,1
1,0,0,0,3,1,2,1,0,0,0,0,0,0,0,0,2,74.5,1786,0,1
0,0,0,0,1,0,1,0,0,0,0,0,0,2,0,0,3,35.05,3029,1,1
0,1,0,0,1,1,0,1,0,2,0,0,0,0,0,1,2,73.0,5662,1,1
0,0,0,0,1,1,0,1,0,0,0,0,0,0,0,1,2,70.1,5503,1,1
0,1,0,0,2,1,0,1,0,0,0,0,0,0,0,1,2,70.65,771,1,1
0,0,0,0,3,1,0,1,2,0,2,0,2,2,0,1,1,99.0,2477,1,1
0,0,0,0,23,1,2,1,0,0,0,0,2,2,0,1,2,93.5,1976,0,1
1,0,0,0,26,1,2,1,0,0,0,0,0,2,0,1,2,83.95,1890,1,1
1,0,0,0,2,1,2,1,0,2,0,0,0,0,0,1,2,79.45,834,0,1
0,0,0,0,5,1,2,1,0,0,0,0,0,0,0,0,2,75.55,3523,1,1
0,0,0,0,9,1,0,1,0,0,0,0,2,0,0,1,0,77.65,5599,1,1
0,1,0,0,26,1,2,1,2,2,0,0,0,2,0,1,2,95.0,2143,1,1
0,0,0,0,2,1,0,1,0,0,0,0,0,0,0,0,2,70.35,709,0,1
1,0,0,0,2,1,0,1,0,0,2,0,2,2,0,1,2,95.85,1573,1,1
0,0,0,0,6,1,2,1,0,0,0,0,0,0,0,1,3,73.85,3423,0,1
1,0,0,0,1,1,2,1,0,2,0,0,0,0,0,1,2,79.15,5963,1,1
0,0,0,0,4,1,0,1,0,0,0,0,2,0,0,1,2,79.0,2634,1,1
0,0,1,1,9,1,0,1,0,0,0,2,0,0,0,1,2,75.85,5195,0,1
0,0,1,0,23,1,2,1,0,0,2,0,0,2,0,0,3,90.15,1677,0,1
0,0,0,0,13,1,2,1,2,0,0,0,2,2,0,1,2,100.35,649,1,1
0,0,0,0,2,1,2,1,0,0,0,0,0,0,0,1,3,74.9,654,0,1
0,0,0,0,9,1,0,1,2,0,0,0,0,0,0,1,2,74.85,5556,0,1
1,1,1,0,7,1,2,1,0,0,2,0,2,2,0,1,2,101.95,5521,1,1
1,1,0,0,2,1,2,1,0,0,0,0,2,2,0,1,2,94.0,1361,1,1
0,0,0,0,1,1,0,1,0,2,0,0,0,0,0,1,1,74.3,5717,1,1
1,0,0,0,1,0,1,0,0,2,0,2,0,2,0,1,3,44.65,3745,1,1
1,0,0,0,10,1,2,1,0,2,0,0,0,0,0,1,0,80.7,5951,1,1
1,0,0,1,4,1,2,1,0,2,0,0,2,2,0,1,2,101.7,3143,1,1
0,1,1,0,36,1,2,1,0,2,0,0,2,0,0,1,1,91.95,2869,0,1
1,1,1,0,2,1,0,1,0,0,0,0,0,0,0,0,2,70.1,749,0,1
0,0,1,1,32,1,2,1,0,0,2,0,0,2,0,1,0,91.05,2551,1,1
0,0,0,0,6,1,0,1,0,0,0,0,0,0,0,1,3,69.25,3574,1,1
1,1,0,0,1,1,2,1,0,0,0,0,0,0,0,1,2,74.4,5719,1,1
0,0,0,0,32,1,2,1,0,0,2,0,2,2,0,1,2,101.35,2893,0,1
1,0,0,0,4,1,2,1,2,0,0,0,2,0,0,0,2,90.65,3165,0,1
1,1,1,0,47,1,2,1,0,0,2,0,2,2,0,1,2,100.05,4115,1,1
1,0,0,0,2,1,0,1,0,2,0,0,2,2,0,0,2,95.65,1154,1,1
1,0,0,0,10,1,2,1,0,0,0,0,0,0,0,0,2,75.05,5941,0,1
0,0,0,0,1,1,0,1,0,0,2,0,2,2,0,0,2,94.4,6420,1,1
0,0,0,0,1,1,0,0,0,0,0,0,2,0,0,1,1,55.0,4558,1,1
1,0,0,0,1,1,2,1,0,0,2,0,2,2,0,1,2,101.45,21,1,1
1,0,1,1,13,1,0,1,0,0,2,0,2,2,0,0,2,97.0,603,0,1
0,0,0,0,1,1,0,1,0,0,0,0,0,0,0,1,2,69.5,5446,1,1
0,0,0,0,1,1,0,1,0,0,0,0,0,0,0,1,2,69.2,5442,1,1
1,0,0,0,1,1,0,1,0,0,0,0,0,0,0,1,2,69.65,5449,1,1
0,0,0,0,1,1,0,1,0,2,2,0,0,0,0,1,2,82.3,6100,1,1
1,0,0,0,3,1,0,1,0,0,0,0,2,0,0,0,2,79.25,2325,1,1
0,0,0,0,13,1,2,1,0,0,0,0,0,2,0,1,2,84.6,223,1,1
0,0,1,1,42,1,2,1,0,0,0,0,2,2,0,1,2,94.2,3576,1,1
1,1,1,0,1,0,1,0,0,0,0,0,0,0,0,0,2,25.05,2148,1,1
1,0,0,0,2,1,0,1,0,0,2,0,0,2,0,1,2,85.85,1154,1,1
1,0,0,1,10,1,2,1,0,0,0,0,2,2,0,0,2,95.2,6397,1,1
1,1,0,0,2,1,2,1,0,0,0,0,0,0,0,1,3,74.85,1007,1,1
1,1,1,0,28,1,2,1,0,2,0,2,2,2,0,1,2,105.8,2591,0,1
1,0,0,0,2,1,0,1,0,0,2,2,0,0,0,1,2,79.85,938,1,1
1,0,0,0,15,1,2,1,0,0,0,0,0,0,0,1,3,76.0,255,1,1
0,1,0,0,42,1,2,1,0,2,2,0,2,2,0,1,0,104.75,3679,1,1
0,0,0,0,1,1,0,0,0,0,0,0,0,2,0,1,2,56.25,4635,1,1
1,0,1,0,21,1,2,1,0,0,2,2,2,2,0,1,2,106.1,1883,1,1
0,1,0,0,2,1,0,1,0,0,0,0,0,2,0,1,0,79.75,1045,1,1
0,0,0,0,1,1,0,1,0,0,0,0,0,0,0,0,2,68.65,5380,1,1
0,0,0,0,33,1,2,1,0,2,0,0,2,2,0,1,2,100.0,2884,0,1
1,0,0,0,9,1,0,1,0,0,2,0,0,0,0,1,2,73.8,5540,0,1
0,1,1,0,14,1,2,1,0,2,0,0,2,2,0,1,2,100.2,663,1,1
1,0,1,1,15,1,2,1,0,0,0,0,0,0,0,1,0,74.9,204,1,1
1,0,0,0,15,1,2,1,2,0,0,0,2,2,0,1,2,99.7,1015,0,1
0,1,0,0,9,1,2,1,0,0,2,0,2,0,0,1,2,90.1,6084,0,1
0,0,0,0,1,1,0,1,0,0,0,0,0,0,0,1,2,70.85,5518,1,1
1,0,0,0,2,1,0,1,0,0,0,0,0,0,0,1,1,69.8,620,1,1
0,0,1,0,13,1,2,1,0,2,2,0,2,0,0,0,2,94.1,393,1,1
0,0,1,0,38,1,2,1,0,0,2,2,2,2,0,1,2,105.0,3445,1,1
1,0,0,1,1,0,1,0,0,0,0,0,0,0,0,1,2,25.3,2153,1,1
1,0,0,0,5,1,0,1,0,0,0,0,2,0,0,1,3,80.1,3401,0,1
1,0,1,1,1,1,0,1,0,0,0,0,0,0,0,1,3,69.9,5454,1,1
1,0,0,0,43,1,2,1,0,2,0,0,2,2,0,1,2,101.4,3855,1,1
1,0,0,0,1,1,0,1,0,0,0,0,0,2,0,1,2,80.8,6022,1,1
1,1,0,0,1,1,2,1,0,0,0,0,0,0,0,1,2,76.45,5824,1,1
0,1,0,0,12,1,2,1,0,2,0,0,2,0,0,1,2,91.3,188,1,1
1,1,1,0,6,1,0,1,0,0,2,0,2,2,0,1,2,95.75,4731,1,1
0,0,0,0,7,1,0,1,0,2,0,0,2,2,1,1,3,94.05,5115,0,1
1,1,0,0,16,1,0,1,0,0,0,0,0,2,0,1,2,78.75,399,0,1
0,0,0,0,1,1,2,1,0,0,0,0,0,0,0,1,2,74.5,5721,1,1
0,0,1,1,10,1,2,1,0,2,2,0,2,2,0,1,1,102.1,132,1,1
0,1,1,0,3,1,0,1,0,2,0,0,0,0,0,1,0,74.6,2025,0,1
0,0,1,0,7,1,2,1,0,0,0,0,2,0,0,1,2,86.5,4798,1,1
1,1,0,0,27,1,2,1,0,2,0,0,0,0,0,1,2,81.45,1749,1,1
1,0,1,0,1,1,0,1,0,0,0,0,0,0,0,1,2,69.15,5441,1,1
0,0,0,0,1,1,0,0,0,0,0,0,2,0,0,1,2,54.65,4489,0,1
0,0,0,0,9,1,0,1,0,0,0,0,0,2,0,1,2,79.55,5635,1,1
0,1,0,0,35,1,2,1,2,0,0,0,2,2,0,1,2,99.05,3079,0,1
1,1,0,0,3,1,2,1,0,0,2,0,2,0,0,0,2,91.05,2493,1,1
0,1,1,0,2,1,2,1,0,0,2,0,0,0,0,0,2,79.2,1227,1,1
1,0,0,0,5,1,2,1,0,2,2,0,0,2,0,0,2,96.55,4237,0,1
0,0,0,0,2,0,1,0,0,0,0,0,2,2,0,1,2,45.25,6211,1,1
0,1,0,0,14,1,2,1,0,0,0,0,0,0,0,1,2,74.3,191,1,1
1,0,0,0,13,1,2,1,0,0,0,2,2,2,0,0,2,100.75,575,0,1
0,0,0,0,11,1,2,1,0,0,2,0,2,0,0,1,2,89.2,6513,0,1
0,0,1,0,3,1,2,1,0,0,0,0,0,0,0,1,1,74.1,1917,1,1
1,0,0,0,3,1,2,1,0,0,0,0,0,0,0,0,3,75.0,1718,1,1
0,1,0,0,2,1,0,1,0,0,0,0,0,0,0,0,2,70.75,976,1,1
0,1,1,0,13,0,1,0,0,0,0,0,2,2,0,0,2,45.3,4417,0,1
0,0,0,0,24,1,2,1,0,0,0,2,0,2,0,1,2,89.55,1893,0,1
0,0,0,0,12,1,0,1,0,0,2,0,2,2,0,1,2,96.0,123,1,1
0,1,0,0,1,1,0,1,0,0,2,0,0,2,0,1,2,85.0,6206,1,1
1,1,1,0,22,1,0,1,0,0,0,0,2,2,0,1,0,89.75,1540,0,1
0,0,0,0,1,1,0,1,0,0,0,0,0,0,0,1,2,69.2,5442,1,1
0,0,1,1,4,1,0,1,0,0,0,0,2,0,0,1,3,78.9,2588,0,1
1,1,1,0,37,1,2,1,0,0,0,0,2,2,0,1,2,92.5,3007,1,1
1,0,1,0,3,0,1,0,0,0,0,2,0,0,0,1,2,29.9,6367,0,1
1,0,0,0,19,0,1,0,0,0,2,0,2,0,0,1,2,39.65,5683,1,1
0,0,0,0,13,1,0,1,0,0,0,0,0,0,0,1,3,70.15,6289,0,1
1,0,1,1,5,1,0,1,2,0,2,0,0,2,0,1,3,90.35,3690,0,1
1,1,1,0,4,1,2,1,0,0,0,0,0,0,0,0,2,74.95,2674,1,1
1,0,1,0,1,0,1,0,0,0,2,0,2,2,0,1,2,50.35,4227,1,1
1,0,0,0,1,1,0,1,0,0,0,0,0,0,0,1,2,70.3,5507,1,1
0,0,0,0,18,1,2,1,0,0,0,2,2,2,0,1,0,99.85,1301,1,1
1,1,1,0,32,1,0,1,0,0,0,0,0,2,0,1,1,80.3,2130,1,1
1,0,0,0,27,1,2,1,0,0,2,0,0,0,0,1,2,81.3,1908,0,1
1,0,0,0,7,1,2,1,0,0,0,0,0,2,0,1,2,86.8,5044,1,1
0,1,0,0,18,1,2,1,0,2,0,2,2,2,0,1,1,103.6,1354,0,1
1,1,1,0,6,1,0,1,0,2,0,0,0,2,0,1,2,84.2,4348,1,1
1,1,0,0,6,1,0,1,0,0,0,0,2,0,0,1,2,79.7,4206,0,1
1,0,0,0,13,1,2,1,0,0,0,2,2,2,0,1,3,99.0,554,1,1
0,0,0,0,11,1,2,1,0,0,2,0,2,2,0,1,2,100.75,247,1,1
0,0,0,0,1,1,2,1,0,0,2,0,0,0,0,1,3,79.55,5969,1,1
0,0,1,1,25,1,2,1,0,0,2,0,0,2,0,1,2,89.1,2002,1,1
0,0,0,0,37,1,2,1,0,2,2,0,2,2,0,1,0,101.9,3072,1,1
0,0,1,1,14,1,2,1,0,0,0,2,2,0,0,1,2,91.65,552,1,1
0,1,0,0,4,1,2,1,0,0,2,0,0,2,0,1,2,88.85,3204,1,1
0,1,0,0,3,0,1,0,0,0,0,0,0,0,0,0,2,25.3,5868,1,1
1,0,0,0,1,1,2,1,0,0,0,0,2,2,0,1,2,95.45,6443,1,1
1,0,0,0,13,1,0,1,0,0,0,0,2,2,0,1,2,91.1,265,1,1
0,0,0,0,1,1,0,1,0,0,0,0,0,0,0,0,0,69.7,5450,1,1
0,0,0,0,6,1,0,1,0,0,0,0,2,2,0,1,2,89.5,4730,1,1
1,0,1,0,3,0,1,0,0,0,0,0,0,2,0,1,2,35.15,6511,1,1
1,0,0,1,12,1,2,1,0,0,0,0,0,0,0,1,1,73.75,6270,1,1
0,1,0,0,8,1,2,1,0,0,2,0,2,2,0,0,2,101.35,5919,1,1
0,0,1,1,3,1,0,1,0,0,0,0,2,0,0,1,2,80.7,2026,0,1
1,0,0,0,3,1,0,1,0,0,2,2,2,0,0,1,3,89.85,2087,0,1
1,1,1,0,3,1,2,1,0,2,2,0,2,2,0,1,2,105.9,2896,1,1
1,0,0,0,9,1,2,1,0,0,0,0,2,0,0,1,2,85.5,5981,0,1
1,1,1,0,43,1,2,1,0,2,2,0,2,2,0,1,2,103.0,3754,1,1
1,0,0,0,1,1,0,1,0,0,0,0,0,0,0,1,2,69.35,5444,1,1
0,0,1,0,3,1,2,1,0,0,0,0,0,0,0,1,1,75.15,1776,1,1
1,0,0,0,1,1,0,1,0,0,0,0,0,0,0,1,2,69.6,5448,1,1
1,0,1,1,5,1,2,1,0,2,0,0,0,0,0,1,2,80.15,3295,1,1
0,1,0,0,13,1,2,1,0,0,0,0,0,2,0,1,2,82.0,242,1,1
1,0,0,0,9,1,0,1,0,0,0,2,2,0,0,0,2,86.25,5870,0,1
0,0,1,0,24,1,2,1,0,0,0,0,0,0,0,1,1,75.4,1268,1,1
0,1,1,0,27,1,0,1,2,0,2,0,2,2,0,1,2,101.25,2394,1,1
1,0,1,1,9,1,2,1,0,2,2,0,2,2,0,1,1,102.6,6317,0,1
1,1,0,0,25,1,2,1,0,2,0,0,2,0,0,1,2,89.5,1816,1,1
0,1,0,0,22,1,2,1,0,0,0,0,0,0,0,1,0,74.4,1192,1,1
1,0,0,0,4,1,2,1,0,0,0,0,0,0,0,1,2,74.35,2295,1,1
0,1,1,0,18,1,2,1,0,0,0,2,2,2,0,0,0,99.75,1389,1,1
1,1,0,0,16,0,1,0,0,2,0,0,2,0,0,1,3,39.0,5373,1,1
0,0,0,0,8,1,2,1,0,0,0,0,2,2,0,0,0,95.65,5901,1,1
0,0,0,0,13,1,0,1,0,0,0,0,0,2,0,1,2,80.5,27,0,1
1,0,0,0,40,1,2,1,0,2,2,0,2,2,0,1,1,104.5,3450,1,1
0,1,0,0,3,1,2,1,0,0,0,0,0,0,0,1,1,75.05,2215,1,1
1,0,0,0,23,1,2,1,0,0,2,0,0,0,0,1,2,81.0,1520,1,1
0,1,1,0,1,1,2,1,0,0,0,0,0,0,0,1,2,74.45,5720,1,1
1,0,1,1,1,1,0,1,0,0,0,0,0,0,0,1,3,70.65,5514,1,1
0,0,0,0,18,1,2,1,0,0,2,2,0,2,0,1,0,95.05,1166,0,1
0,1,0,0,6,0,1,0,0,0,0,0,2,2,0,1,2,44.4,2278,0,1
1,1,0,0,1,1,2,1,0,0,0,0,0,0,0,1,2,75.75,5776,1,1
1,1,1,0,4,1,2,1,0,0,0,0,0,0,0,1,3,74.4,2660,1,1
